,leiden,TME
AAACAAGTATCTCCCA-1,0,
AAACAATCTACTAGCA-1,1,
AAACACCAATAACTGC-1,2,
AAACAGAGCGACTCCT-1,1,
AAACCGGGTAGGTACC-1,2,
AAACCGTTCGTCCAGG-1,3,
AAACCTCATGAAGTTG-1,2,
AAACGAAGAACATACC-1,1,
AAACGAGACGGTTGAT-1,4,
AAACGGTTGCGAACTG-1,5,
AAACTCGGTTCGCAAT-1,1,
AAACTGCTGGCTCCAA-1,6,
AAACTTGCAAACGTAT-1,2,
AAAGACCCAAGTCGCG-1,8,
AAAGGCCCTATAATAC-1,9,
AAAGGCTACGGACCAT-1,10,
AAAGGCTCTCGCGCCG-1,6,
AAAGGGATGTAGCAAG-1,11,
AAAGGGCAGCTTGAAT-1,11,
AAAGTAGCATTGCTCA-1,12,
AAAGTCACTGATGTAA-1,8,
AAAGTCGACCCTCAGT-1,2,
AAAGTGTGATTTATCT-1,13,
AAAGTTGACTCCCGTA-1,13,
AAATAACCATACGGGA-1,1,
AAATACCTATAAGCAT-1,4,
AAATAGCTTAGACTTT-1,5,
AAATAGGGTGCTATTG-1,0,
AAATCGTGTACCACAA-1,3,
AAATGCTCGTTACGTT-1,6,
AAATGGCATGTCTTGT-1,8,
AAATGGCCCGTGCCCT-1,2,
AAATGGTCAATGTGCC-1,12,
AAATTAACGGGTAGCT-1,12,
AAATTACACGACTCTG-1,1,
AAATTACCTATCGATG-1,8,
AAATTGATAGTCCTTT-1,3,
AAATTGCGGCGGTTCT-1,8,
AAATTTGCGGGTGTGG-1,12,
AACAACTGGTAGTTGC-1,6,
AACAATACATTGTCGA-1,9,
AACAATTACTCTACGC-1,5,
AACACACGCTCGCCGC-1,0,
AACACGACTGTACTGA-1,8,
AACACGAGACGCGGCC-1,2,
AACACGCGGCCGCGAA-1,8,
AACAGCTGTGTGGCAA-1,9,
AACAGGAAATCGAATA-1,8,
AACAGGATGGGCCGCG-1,2,
AACATATCAACTGGTG-1,1,
AACATTGAAGTTGATC-1,9,
AACATTGTGACTCGAG-1,10,
AACCAAGACTTCTCTG-1,2,
AACCATGGGATCGCTA-1,6,
AACCCAGAGACGGAGA-1,11,
AACCCTACTGTCAATA-1,13,
AACCCTGGTGGAACCA-1,1,
AACCGAGCTTGGTCAT-1,11,
AACCGCTAAGGGATGC-1,14,
AACCGTTGTGTTTGCT-1,8,
AACCTCGCTTTAGCCC-1,0,
AACCTTTAAATACGGT-1,0,
AACCTTTACGACGTCT-1,1,
AACGATAATGCCGTAG-1,0,
AACGATAGAAGGGCCG-1,6,
AACGATATGTCAACTG-1,6,
AACGCGAACGGCAACA-1,8,
AACGCGACCTTGGGCG-1,5,
AACGCGGTCTCCAGCC-1,11,
AACGCTGTTGCTGAAA-1,0,
AACGGACGTACGTATA-1,14,
AACGGCCATCTCCGGT-1,12,
AACGTACTGTGGGTAC-1,6,
AACGTCAGACTAGTGG-1,11,
AACGTGATGAAGGACA-1,1,
AACGTGCGAAAGTCTC-1,4,
AACTAGCGTATCGCAC-1,1,
AACTAGGCTTGGGTGT-1,10,
AACTCAAGTTAATTGC-1,12,
AACTCCAGAGCGTGTT-1,0,
AACTCCTAATCCCATG-1,1,
AACTCGATGGCGCAGT-1,14,
AACTCTCAATAGAGCG-1,13,
AACTCTCAGTGTGCTC-1,3,
AACTGATATTAGGCCT-1,14,
AACTGGGTCCCGACGT-1,11,
AACTGGTGTGGGCCTT-1,1,
AACTTCTGCGTCTATC-1,6,
AACTTGCCCGTATGCA-1,2,
AACTTGCGTTCTCGCG-1,8,
AACTTTAGCTGCTGAG-1,1,
AAGAAGGATCAGTTAG-1,14,
AAGACCCAACTGAACA-1,10,
AAGACTAACCCGTTGT-1,8,
AAGACTGCAAGCTACT-1,6,
AAGAGATGAATCGGTA-1,5,
AAGAGCTCTTTATCGG-1,4,
AAGAGGATGTACGCGA-1,2,
AAGAGGCATGGATCGC-1,4,
AAGATGGCACCGGACC-1,9,
AAGATTGGCGGAACGT-1,8,
AAGCACCCTGCGTATC-1,0,
AAGCATACTCTCCTGA-1,0,
AAGCCGCCGTGAAATC-1,9,
AAGCGTCCCTCATCGA-1,9,
AAGCTAGATCGAGTAA-1,10,
AAGCTCGTGCCAAGTC-1,6,
AAGCTCTTTCATGGTG-1,0,
AAGGAGAACTTATAAG-1,5,
AAGGAGCGGTTGGTGC-1,12,
AAGGATGAGGGACCTC-1,14,
AAGGCGCGTAAAGCTT-1,11,
AAGGCTGTGCTCATCG-1,12,
AAGGGAACGACTGGCT-1,9,
AAGGGACAGATTCTGT-1,8,
AAGGGACTATGCATTC-1,9,
AAGGTATCCTAATATA-1,14,
AAGGTGATAAACCAGC-1,13,
AAGTAGAAGACCGGGT-1,11,
AAGTAGTGACGCGAGG-1,12,
AAGTCAATTGTCGTCA-1,0,
AAGTGACGACCGAATT-1,2,
AAGTGAGTCGGGTTTA-1,5,
AAGTGCCTTGACTGTA-1,0,
AAGTGCGTTAGAATCT-1,12,
AAGTGCTTCTCTATTG-1,9,
AAGTGTTTGGAGACGG-1,0,
AAGTTCACTCCAAGCT-1,0,
AAGTTCGGCCAACAGG-1,12,
AAGTTTACTAATGGCA-1,1,
AATAACAACGCTCGGC-1,2,
AATAACACTAGAACAA-1,3,
AATAAGTCCTCGAGAC-1,5,
AATACAATGTTTCAGG-1,11,
AATACCGGAGGGCTGT-1,9,
AATAGAACAGAGTGGC-1,3,
AATAGAATCTGTTTCA-1,0,
AATAGTCCGTCCCGAC-1,10,
AATATCAAGGTCGGAT-1,8,
AATATCGAGGGTTCTC-1,1,
AATATTGGAGTATTGA-1,3,
AATCAGACTGCAGGAC-1,8,
AATCAGGTTTCATTTA-1,9,
AATCATGTAAAGACTC-1,0,
AATCCAAGGGCCTGAG-1,14,
AATCCATGCAAGGGTG-1,14,
AATCGCCTCAGCGCCA-1,4,
AATCGGGACACTACGA-1,8,
AATCTAGGTTTACTTG-1,2,
AATCTGCGTTGGGACG-1,14,
AATCTGGCTTTCTAGT-1,2,
AATGACAGCAATGTCT-1,12,
AATGACGTAGGATGTC-1,4,
AATGACTGTCAGCCGG-1,11,
AATGAGTTCGCATATG-1,8,
AATGATGATACGCTAT-1,8,
AATGATGCGACTCCTG-1,1,
AATGCAACCGGGTACC-1,11,
AATGCACCAAGCAATG-1,1,
AATGGTTCTCACAAGC-1,11,
AATGTGCCCGAGGTGT-1,3,
AATGTGCTAATCTGAG-1,9,
AATTAAAGGTCGGCGT-1,12,
AATTAACGGATTTCCA-1,0,
AATTAGCGCTGCAGCG-1,10,
AATTCATAAGGGATCT-1,8,
AATTCCAAGCATGTAC-1,5,
AATTCTAGAGTTAGGC-1,6,
AATTGAACGCTCTGGT-1,0,
AATTTGGGACATAGTA-1,1,
AATTTGGTTCCAAAGA-1,8,
ACAAACCATGCGTCCT-1,9,
ACAAATCGCACCGAAT-1,0,
ACAAATGGTAGTGTTT-1,0,
ACAACAGCATGAGCTA-1,11,
ACAACGGTCCCTGCGA-1,11,
ACAAGCAGTGCCTAGC-1,2,
ACAAGGAAATCCGCCC-1,4,
ACAAGGACAAGAGGTT-1,12,
ACAAGGATGCTTTAGG-1,0,
ACAAGGGCAGGCTCTG-1,4,
ACAATAGTCGTACGTT-1,2,
ACAATCCATTTAAACC-1,2,
ACAATGAATACGGAGA-1,9,
ACAATTGTGTCTCTTT-1,0,
ACAATTTGAGCAGTGG-1,14,
ACACAAAGACGGGTGG-1,5,
ACACACCAGGACCAGT-1,14,
ACACACTTTCTACACG-1,14,
ACACATGATCAAATCT-1,2,
ACACCCAGCATGCAGC-1,11,
ACACCCGAGAAATCCG-1,11,
ACACCGGTCTGACCGC-1,9,
ACACCTTAAGTAGGGC-1,11,
ACACGAGACTCCTTCT-1,11,
ACACGGCACTATGCAT-1,1,
ACACGGGAACTTAGGG-1,11,
ACACTCCAATGTCACT-1,8,
ACACTGATCAAGGTGT-1,3,
ACAGAACTGAGAACAA-1,12,
ACAGATTAGGTTAGTG-1,1,
ACAGCATAGAGCCAGT-1,8,
ACAGCGCACCCGCAGC-1,1,
ACAGGCTTGCCCGACT-1,14,
ACAGGTGGAGGTGAGG-1,3,
ACATAATAAGGCGGTG-1,11,
ACATCCCGGCCATACG-1,10,
ACATCCTGGTAACTGT-1,1,
ACATCGATCGTTTACC-1,3,
ACATCGGTCAGCCGCG-1,12,
ACATCGTATGCAATGG-1,0,
ACATCGTTAACCTAGT-1,1,
ACATGGCGCCAAAGTA-1,1,
ACATTAGTTTATATCC-1,6,
ACCAACGCTTATTTAT-1,3,
ACCAAGAACGCGTGTC-1,11,
ACCAATATGCAAGTTA-1,0,
ACCACAACTCAGAACA-1,5,
ACCACAAGTTTCTATC-1,12,
ACCACGTGCAGCTATA-1,0,
ACCAGGAGTGTGATCT-1,1,
ACCAGTGCGGGAGACG-1,0,
ACCATATCCGCAATAA-1,6,
ACCATCGTATATGGTA-1,12,
ACCCAACGCCCGTGGC-1,14,
ACCCACCTACATGCTC-1,11,
ACCCATCTTGAGGGTA-1,12,
ACCCGAGCGAAATTAC-1,9,
ACCCGATTGGTTCCGA-1,9,
ACCCGGAAACTCCCAG-1,0,
ACCCGGATGACGCATC-1,1,
ACCCGGTTACACTTCC-1,12,
ACCCGTGTCATCAGTA-1,10,
ACCCTATAGGACTGAG-1,8,
ACCCTATGCCATATCG-1,9,
ACCCTCCCTTGCTATT-1,0,
ACCCTTCATCTGCGAA-1,8,
ACCGAAAGGGCCCTGC-1,8,
ACCGACACATCTCCCA-1,0,
ACCGACTGAGTCCCAC-1,11,
ACCGATGGTAGCATCG-1,13,
ACCGCAATAACTGCCT-1,0,
ACCGCGGTGGAAGTCG-1,1,
ACCGGGCCTTTGTTGA-1,13,
ACCGGTCAGGTACACC-1,2,
ACCGTGACCACGTGGG-1,9,
ACCGTTCCCGCTCTGA-1,1,
ACCTAAGTACCTTTCA-1,2,
ACCTAATCGACTTCCT-1,12,
ACCTCGAACTTATGCT-1,9,
ACCTGCGTGTCATGTT-1,2,
ACGAAATGGGCGGCAC-1,2,
ACGACTGGTCATACTC-1,9,
ACGAGAACCCATCACG-1,8,
ACGAGATATTTGCTTA-1,1,
ACGAGGATACCACTCT-1,2,
ACGATACATAGAACTA-1,14,
ACGATCATACATAGAG-1,11,
ACGATCATCTTGTAAA-1,1,
ACGATGCATATGTTAT-1,12,
ACGATGGATCCGATGC-1,8,
ACGCAAACTAATAGAT-1,5,
ACGCATTCGTGAGTAC-1,6,
ACGCCAGATGATTTCT-1,14,
ACGCCGCTAGACGACC-1,4,
ACGCGAAGTCAGACGA-1,6,
ACGCGCTACACAGGGT-1,2,
ACGCGGGCCAAGGACA-1,5,
ACGCTAGTGATACACT-1,1,
ACGGAATTTAGCAAAT-1,6,
ACGGACTCTCAAAGCG-1,0,
ACGGATGGTGCGGATA-1,0,
ACGGCACTTGCTTGGG-1,6,
ACGGCCAACATGGACT-1,6,
ACGGCGACGATGGGAA-1,0,
ACGGCGGGTTGCCCTG-1,8,
ACGGGAGTGTCGGCCC-1,12,
ACGGTCACCGAGAACA-1,9,
ACGTACAGATTTCTCT-1,8,
ACGTACTTTGGCACGG-1,9,
ACGTAGATTGCTGATG-1,11,
ACGTATTACTCCGATC-1,13,
ACGTGCGCCTCGTGCA-1,14,
ACGTTAATGTCGAAGA-1,4,
ACGTTAGATTTGCCCG-1,12,
ACGTTCCGCGCTCCGT-1,8,
ACGTTCGTTCAGGAAA-1,9,
ACGTTTAGTTGTGATC-1,8,
ACTACATCCCGACAAG-1,9,
ACTACCAGCTCTCTGG-1,11,
ACTACGCGTTAGAATT-1,10,
ACTAGTTGCGATCGTC-1,1,
ACTATGTCCAGCTGCC-1,9,
ACTATTCGTCCGTGGT-1,8,
ACTATTTCCGGGCCCA-1,9,
ACTCAACGAATGTATT-1,8,
ACTCAAGTGCAAGGCT-1,0,
ACTCAATAAAGGCACG-1,11,
ACTCAGACCTGCTTCT-1,8,
ACTCATGGCAGCCTTC-1,9,
ACTCCAATATCATCAT-1,9,
ACTCCCATTCCTAAAG-1,2,
ACTCCCGAATTCGTTT-1,1,
ACTCCCTAATGCTAAA-1,0,
ACTCCCTAGAATAGTA-1,10,
ACTCGTAACCCGTCCT-1,12,
ACTCGTCAGTAATCCC-1,6,
ACTCTCTGACTTAGGT-1,4,
ACTCTCTTATACACGA-1,5,
ACTCTTGTATAGTAAC-1,6,
ACTGAAACGCCGTTAG-1,0,
ACTGAATGGCGAAAGT-1,0,
ACTGCCCGCCATTCTC-1,9,
ACTGCCGTCGTAACTC-1,14,
ACTGTACGATACACAT-1,6,
ACTGTAGCACTTTGGA-1,11,
ACTGTATACGCGAGCA-1,14,
ACTGTCCAGGATTATA-1,12,
ACTGTCTTCTTTAGAA-1,11,
ACTGTGCTAGTAGATC-1,14,
ACTTACCGGGCGCGCA-1,5,
ACTTACGCATCCACGC-1,0,
ACTTAGTACGACAAGA-1,6,
ACTTATACTTACCCGG-1,14,
ACTTATCTGATCTATA-1,1,
ACTTATTAGGATCGGT-1,12,
ACTTATTTATGTGCCA-1,14,
ACTTCAGGCTGATCCC-1,0,
ACTTCCATGCGGGACA-1,0,
ACTTCGCCATACGCAC-1,7,
ACTTGACTCCCTCTTT-1,4,
ACTTGCCATATTGTAC-1,1,
ACTTGGGACCCGGTGG-1,12,
ACTTTACCCTCATGAA-1,1,
ACTTTCCTATAGCTTC-1,11,
AGAACGTGGTACATTC-1,11,
AGAAGGTTGCCGAATT-1,12,
AGAAGGTTGTAGGTCG-1,0,
AGAAGTGATTCGTGAT-1,12,
AGAATTATGGATTCGA-1,1,
AGAATTGTTTGACATA-1,6,
AGACATAGATCCTTCC-1,8,
AGACCATGGGATACAA-1,11,
AGACCCACCGCTGATC-1,6,
AGACCCGCCCTCCTCG-1,11,
AGACCGGGAAACCCTG-1,2,
AGACGAAGTGCCGGTC-1,0,
AGACGACGATGCCGCT-1,3,
AGACTAGCCTTCCAGA-1,12,
AGACTGTTACCGGGTC-1,5,
AGAGAAACACCAGAAA-1,9,
AGAGAACCGTCTAGGA-1,8,
AGAGAAGGAGTACAAT-1,9,
AGAGATCTCTAAAGCG-1,2,
AGAGCAGTTATGAGAC-1,2,
AGAGCGGGCTAATCAT-1,14,
AGAGCGTACAAGCTCG-1,11,
AGAGGCTTCGGAAACC-1,0,
AGAGGTATCTCGGTCC-1,1,
AGAGTAAACTTCACTA-1,1,
AGATAACTTCAGGGCC-1,12,
AGATACCGGTGTTCAC-1,12,
AGATACGACTTCATAT-1,6,
AGATACTCAAGATCGA-1,0,
AGATATAATACGACTA-1,0,
AGATCGTGCATAAGAT-1,1,
AGATCTCAGGTGTGAT-1,6,
AGATGACTCGCCCACG-1,11,
AGATGATGGAGTCTGG-1,5,
AGATGCAAGACGTGCA-1,9,
AGATTATAGGACGTTT-1,12,
AGCAAAGGCCGCTAGT-1,0,
AGCAACATATCTTATT-1,13,
AGCAACCGAAAGTAAT-1,2,
AGCACACGTTTAGACT-1,9,
AGCACCAGTACTCACG-1,11,
AGCACTACCGGCCTGT-1,2,
AGCACTACCTCACCAG-1,0,
AGCACTTAAGGACGCC-1,12,
AGCAGAAGGAGAAAGA-1,0,
AGCAGCCAGATGAATA-1,10,
AGCATATCAATATGCT-1,0,
AGCATCATTTCGAAAG-1,2,
AGCATCGTCGATAATT-1,11,
AGCCAAGCTTTGTGTC-1,10,
AGCCACTCCCGTGCTT-1,14,
AGCCCATACATGTAAG-1,2,
AGCCCGGCATTAGAGG-1,9,
AGCCCGGTAGCCTGTA-1,5,
AGCCCTAAGCGAAGTT-1,14,
AGCCCTCCCTGGTGGC-1,9,
AGCCGTGGCTAAATGT-1,12,
AGCGACAGGAACGGTC-1,3,
AGCGACATCCCATTCA-1,6,
AGCGACCAACGATATT-1,11,
AGCGAGACGTGAAGGC-1,9,
AGCGCATAATGAATCG-1,10,
AGCGCGGGTGCCAATG-1,8,
AGCGGACACTTCGTAG-1,0,
AGCGGGAAGGGTCCAT-1,14,
AGCGGGTCTGACACTC-1,0,
AGCGTACGAGAGCTAG-1,8,
AGCGTCTGAACCCGCA-1,8,
AGCGTGGTATTCTACT-1,4,
AGCTAACAAGCAATGT-1,9,
AGCTAGAAGCAGAAGT-1,1,
AGCTATTTAATCCAAC-1,8,
AGCTCCTTCGCACATC-1,0,
AGCTCTAGACGTTCCA-1,4,
AGCTCTTCCCAGTGCA-1,8,
AGCTCTTTACTCAGTT-1,12,
AGCTGAAGTAAACCAA-1,8,
AGCTGTAACCTCAATC-1,3,
AGCTTATAGAGACCTG-1,1,
AGCTTGATCTTAACTT-1,2,
AGGAAGCTGTCCGCCG-1,0,
AGGACAGTCGAATCCC-1,0,
AGGACATCGCACGTCG-1,11,
AGGACGACCCATTAGA-1,12,
AGGACGCTCGATGTTG-1,1,
AGGAGGCCTTCGCGCG-1,0,
AGGATAAAGTCGGGAT-1,10,
AGGATATAGGGATTTA-1,13,
AGGATCACGCGATCTG-1,2,
AGGCAGATGCGTAAAC-1,14,
AGGCAGGGAGCGTACT-1,6,
AGGCATTGTCGTAGGG-1,0,
AGGCCACCCGTTATGA-1,6,
AGGCCCATTGTACAGG-1,6,
AGGCCCTAGAACGCCA-1,2,
AGGCCTGAGAATCTCG-1,1,
AGGCGGTTTGTCCCGC-1,2,
AGGCTATGGTTAGCTT-1,11,
AGGCTTCCCGAAGAAG-1,3,
AGGCTTGCTAGACACC-1,11,
AGGGAAACGAGGTACT-1,1,
AGGGACAGCACGGCGG-1,1,
AGGGACTCTACGCGAC-1,6,
AGGGCAGCGGCGTGGT-1,1,
AGGGCGAGCAGCTGAT-1,2,
AGGGCGTGATCGGCTA-1,11,
AGGGCTGCAGTTACAG-1,6,
AGGGTCGATGCGAACT-1,13,
AGGGTGCCGTTCTTTA-1,9,
AGGGTGCTCTCGAGGG-1,13,
AGGGTTCCCTTTGGTT-1,14,
AGGGTTTAGTTCGGGA-1,11,
AGGTAACCTCCTATTC-1,14,
AGGTACGATATTGCCA-1,8,
AGGTAGATCGAGATAT-1,9,
AGGTAGGTACAAAGCT-1,2,
AGGTCAGGTGAGAGTG-1,2,
AGGTGGTGACCTTCGC-1,10,
AGGTGTATCGCCATGA-1,2,
AGGTTGAGGCACGCTT-1,14,
AGGTTTCACACACCTT-1,6,
AGTAATGTCTTGCCGC-1,6,
AGTACGGGCACCTGGC-1,14,
AGTACTCTTATGCCCA-1,0,
AGTAGGTAACATACAT-1,14,
AGTATAATACTAGGCA-1,11,
AGTATACACAGCGACA-1,5,
AGTATCCATAATAACG-1,8,
AGTATGCTGGAGACCA-1,9,
AGTATTTGGCACGACC-1,10,
AGTCAAATGATGTGAT-1,9,
AGTCAACACCACCATC-1,12,
AGTCAAGATGACACTT-1,14,
AGTCACTAGCTCTCGA-1,0,
AGTCACTCCGCCTCAT-1,8,
AGTCAGCCACCGCCTG-1,6,
AGTCCATTGGCTGATG-1,13,
AGTCCCGCCTTTAATT-1,1,
AGTCGACGGTCTCAAG-1,14,
AGTCGGCCCAAACGAC-1,11,
AGTCGGCTCAACTTTA-1,12,
AGTCGTCGACCACCAA-1,0,
AGTCGTGGGCATTACG-1,3,
AGTCTCACAAGACTAC-1,3,
AGTCTTCTCCTCAAAT-1,11,
AGTGAACAAACTTCTC-1,0,
AGTGACCTACTTTACG-1,12,
AGTGACTGTGACACAA-1,9,
AGTGAGACTTCCAGTA-1,14,
AGTGAGCCTCGCCGCC-1,1,
AGTGATAACCTGCGCG-1,0,
AGTGATATGAGTAGTT-1,12,
AGTGATTCAAGCAGGA-1,14,
AGTGCACGCTTAAGAA-1,0,
AGTGCGTAGCTCGTAA-1,12,
AGTGCTAAACACAGCA-1,0,
AGTGCTTGCACGAATA-1,14,
AGTGGCGGCAATTTGA-1,8,
AGTGGCGTCTGAAGGT-1,0,
AGTGTATTGCGCATTG-1,1,
AGTGTGGTCTATTGTG-1,6,
AGTTAAACACTTGCGA-1,12,
AGTTAAGCGGTCCCGG-1,8,
AGTTAAGTCAACCGCT-1,2,
AGTTACTCTATCGTGG-1,8,
AGTTCCTACAGAATTA-1,12,
AGTTCCTATTTATGTT-1,6,
AGTTCTGCGTTGTATC-1,8,
AGTTGACATCGGCTGG-1,14,
AGTTGACGGTCCTTGC-1,0,
AGTTGCTGACTGATAT-1,8,
AGTTTCGCAGGTCGGA-1,8,
AGTTTGCACCTGCCTC-1,0,
AGTTTGGCACGGGTTG-1,0,
AGTTTGGCCAGACCTA-1,12,
ATAAACCATTGGACGG-1,1,
ATAAACGGACCCGTAA-1,6,
ATAAAGGCTCGGTCGT-1,12,
ATAAATATTAGCAGCT-1,2,
ATAACGCCGGAGGGTC-1,4,
ATAACGGAGTCCAACG-1,6,
ATAAGGTGGAGAACAT-1,10,
ATAAGTTACCGCGACG-1,3,
ATAATAGCTGTTGAAT-1,6,
ATAATAGTGTAGGGAC-1,6,
ATAATCTTGGAGAACC-1,0,
ATAATTAGCTAAGTAG-1,0,
ATACAGGCCCTCCAAT-1,0,
ATACCACGGGCAACTT-1,2,
ATACCAGCAAATTGCT-1,1,
ATACCAGGCTAATAGA-1,8,
ATACCTAACCAAGAAA-1,0,
ATACGCCGATCTACCG-1,8,
ATACGCCGGCGAAACC-1,4,
ATACGGAACGTCGTTT-1,2,
ATACGGGTTTCGATTG-1,14,
ATACGTACTTAGCCAC-1,0,
ATACGTCCACTCCTGT-1,14,
ATACGTTATGCACGGA-1,0,
ATACTAGCATGACCCT-1,11,
ATACTCTCGCCACTCT-1,14,
ATACTGCCTTACACCG-1,0,
ATAGACAACGGGACCT-1,8,
ATAGACGAAGAGAAAG-1,12,
ATAGAGTACTGGGACA-1,11,
ATAGAGTTATCAACTT-1,8,
ATAGGCGGCTATAGAA-1,12,
ATAGGCTAGCTTCGCA-1,1,
ATAGGGATATCCTTGA-1,6,
ATAGGTTGGGCAGATG-1,11,
ATAGTCTTTGACGTGC-1,1,
ATAGTGAAGCGTTCTC-1,3,
ATAGTTCCACCCACTC-1,1,
ATATAAAGCGCTCGTG-1,0,
ATATAAATGTAGCTGC-1,0,
ATATCAACCTACAGAG-1,0,
ATATCGTTCCTCGAAC-1,0,
ATATCTCCCTCGTTAA-1,8,
ATATCTTAGGGCCTTC-1,3,
ATATGTCTCCCTAGCC-1,13,
ATATTCAGTTAAACCT-1,12,
ATATTCCACATAGTGA-1,0,
ATATTCCCACAGGTCA-1,8,
ATATTGCTGTCAAAGT-1,11,
ATATTTAACCCTCAAG-1,12,
ATCAAACACTGTTCCA-1,5,
ATCAAACGAAGGTTTG-1,12,
ATCAATCTGGGCTGCA-1,11,
ATCAATGCCGTGGCTG-1,9,
ATCACATTAGAATATC-1,8,
ATCACGTGCTAATTAA-1,12,
ATCACTTCATCCTCGC-1,11,
ATCAGACGGCACGCCG-1,12,
ATCAGCCTCATGCTGC-1,0,
ATCAGTAGGCAGGGAT-1,8,
ATCATCCAATATTTGT-1,3,
ATCCAACGCAGTCATA-1,11,
ATCCAATGGAGGGTCC-1,2,
ATCCACATCGACAGAA-1,0,
ATCCAGAGCAACAACC-1,3,
ATCCAGGATTCGTGAA-1,12,
ATCCTACCTAAGCTCT-1,12,
ATCCTGAATCGCTGCG-1,2,
ATCCTGCGTGGAATGG-1,12,
ATCCTGCTGCAGATAG-1,1,
ATCGACCCAATACAGA-1,3,
ATCGACTCTTTCCGTT-1,11,
ATCGCACGATTGTTCA-1,8,
ATCGCACGCCGGGAGA-1,11,
ATCGCCAGTCAACATT-1,1,
ATCGGAGACAGACGGC-1,0,
ATCGGCAAGCAGTCCA-1,1,
ATCGTGGAAAGTCTGG-1,9,
ATCTAATATCCTACGG-1,0,
ATCTAGCTTGTGAGGG-1,1,
ATCTCCCTGCAATCTA-1,8,
ATCTGACATGGAAGGA-1,9,
ATCTGCACCTCTGCGA-1,1,
ATCTGCTGTTATCGCC-1,5,
ATCTGGGCTGTTCTTG-1,0,
ATCTGGTTAAGACTGT-1,6,
ATCTGTAATTGTACCC-1,14,
ATCTTGACCTGCAACG-1,11,
ATGAAGCCAAGGAGCC-1,11,
ATGACGCCGGCTCTAA-1,6,
ATGACGCGTTCTATCC-1,3,
ATGACTATCAGCTGTG-1,10,
ATGACTATGCGACATT-1,14,
ATGAGGAGTGTTAATC-1,11,
ATGATCGGGAATAGAC-1,11,
ATGATGCAATGGTACA-1,12,
ATGCACTACCGCATTG-1,11,
ATGCATGATCCAGGAT-1,11,
ATGCATTCCGTGATGG-1,1,
ATGCCATTTGCGACCA-1,14,
ATGCCGGTCTTGCATA-1,6,
ATGCCGGTTGATGGGA-1,8,
ATGCGACAGTCCCATT-1,6,
ATGCGAGTCCCACCAC-1,0,
ATGCTCAGTGTTGCAT-1,11,
ATGCTCTGGCGCGGTA-1,0,
ATGGAGCAGGCCGTGA-1,6,
ATGGATCCGGCGTCCG-1,14,
ATGGATTGACCAAACG-1,11,
ATGGCAGCATTACGAT-1,9,
ATGGGACCTGCTGAAC-1,9,
ATGGGCCTCGGCCTCT-1,14,
ATGGGTGTATACCTCC-1,9,
ATGGTATTTACTGATT-1,9,
ATGGTCGCGTGGTTTC-1,0,
ATGTACGATGACGTCG-1,0,
ATGTGAAAGCCTAATG-1,2,
ATGTGCATCCGACGCA-1,11,
ATGTGGACATCTTGAT-1,10,
ATGTGTAGTTTAGTCA-1,1,
ATGTTACGAGCAATAC-1,6,
ATGTTGTAGTCTGTTT-1,5,
ATTAAACATGCGGACC-1,3,
ATTAATACTACGCGGG-1,11,
ATTAATGAACCAGTCG-1,14,
ATTAATTCGGTCACTC-1,8,
ATTACAACTACCGGCC-1,1,
ATTACGCGCTGGCAGG-1,2,
ATTACTAGCCTCTTGC-1,11,
ATTACTTACTGGGCAT-1,1,
ATTAGATTGATAGCGG-1,11,
ATTAGGCGATGCTTTC-1,6,
ATTATACTTTGCTCGT-1,8,
ATTATCTCGACAGATC-1,1,
ATTATGCCATAGGGAG-1,11,
ATTATTATGTCCGTCA-1,9,
ATTCACTGATGTTGGA-1,0,
ATTCAGGACCTATTTC-1,1,
ATTCAGTAGCAGGGTC-1,5,
ATTCATATACTGTCCA-1,6,
ATTCATCGTTGAGGCA-1,0,
ATTCCCACATAAACAA-1,11,
ATTCCTCCGCCAGTGC-1,11,
ATTCCTTCCAGGCGGT-1,8,
ATTCGACGCCGGGCCT-1,2,
ATTCTCGTCTCTTTAG-1,8,
ATTCTTCGTACTTATG-1,1,
ATTGAAGATCTTAGTG-1,12,
ATTGACGTAACTCGGT-1,8,
ATTGATAGCAACGAGA-1,8,
ATTGATGAGTCCTAAC-1,13,
ATTGCCTATTAGACCG-1,9,
ATTGCGATCAGTAACT-1,0,
ATTGCTGCTCCTCCAT-1,12,
ATTGGATTACAGCGTA-1,1,
ATTGGGAATATCTTGG-1,14,
ATTGTACAACTCGGCT-1,0,
ATTGTCGCAATACCTT-1,8,
ATTTAACTCGTATTAC-1,14,
ATTTACAGTTTACTGG-1,12,
ATTTCATTATTTCGCG-1,8,
ATTTCCGGGTTCTGCG-1,3,
ATTTGCGCGAGTAGCT-1,3,
ATTTGTCTTGGGAGCT-1,4,
ATTTGTTCCAGGGCTC-1,14,
CAAACGAGTATCGCAG-1,3,
CAAACGGTCGCACTTT-1,12,
CAAACTACGATAGAGA-1,1,
CAAACTATTGAGCTTC-1,8,
CAAAGATTATTGGGCC-1,3,
CAAATCTCTCACAAGG-1,2,
CAAATGTCCTTCCGTG-1,3,
CAAATTGTCAGCAAGC-1,8,
CAACGACCCGTTTACA-1,11,
CAACGGTTCTTGATAC-1,11,
CAACTATATCGAATGC-1,8,
CAACTCCTTGATCCCG-1,11,
CAACTGCTCATCCGAT-1,10,
CAACTTGTAGTGGGCA-1,8,
CAAGAGGGCGGAGTAC-1,4,
CAAGATATTATAACGT-1,14,
CAAGCAACGTCGGAGT-1,12,
CAAGCACCAAATGCCT-1,6,
CAAGCGGCACATAATT-1,0,
CAAGGATCGCATGTTC-1,6,
CAAGTGAACTTTGGTT-1,8,
CAAGTGTGGTTGCAAA-1,13,
CAATAAACCTTGGCCC-1,7,
CAATATTCTTGACCTA-1,3,
CAATATTGGACTAGTG-1,8,
CAATCCCTATACCAGC-1,1,
CAATCCTGCCGTGGAG-1,8,
CAATGCGAGAAGTATC-1,0,
CAATGGATCTCTACCA-1,14,
CAATGGTCGGCCTGGG-1,1,
CAATTAAGGGTGATGA-1,11,
CAATTTCGTATAAGGG-1,3,
CACAATGAGCTGCTAT-1,12,
CACACAGGGATAGATT-1,11,
CACACGCGCTGTCTTA-1,14,
CACAGAGACGAGGACG-1,9,
CACAGCACCCACGGCA-1,6,
CACAGCTAGGGAGTGA-1,11,
CACAGGGCCATATAGT-1,1,
CACAGGGCCGTTGTCA-1,10,
CACATAAGGCGACCGT-1,1,
CACATATTAGCAGGAT-1,4,
CACATCGTGCACGCGC-1,9,
CACATCTCACCGACGA-1,0,
CACATGATTCAGCAAC-1,3,
CACATGTTTGGACATG-1,8,
CACATTCTTTCGATGG-1,8,
CACCAGTCAGCATGCA-1,9,
CACCATCGGAGGAGAC-1,8,
CACCCAAATCTTATGT-1,1,
CACCCACACGTCACCC-1,11,
CACCCACGAGGCAATT-1,8,
CACCCGGTTTGTGACT-1,3,
CACCCTAACAAGATCT-1,0,
CACCCTTGGTGAGACC-1,2,
CACCCTTTCCTCGCTC-1,8,
CACCGATACACCGAGC-1,1,
CACCGCCAGAAGGTTT-1,11,
CACCGCCGACCAGCGA-1,8,
CACCGGTAGAGACATT-1,9,
CACCGTATCCCATCCG-1,1,
CACCGTTAGGGATCAC-1,3,
CACCGTTGCGCGATAT-1,12,
CACCTAATAGAGTCGT-1,6,
CACCTAATCAGTTTAC-1,14,
CACCTCGATGGTGGAC-1,14,
CACCTTGCGAAACTCG-1,14,
CACCTTGGCGCCTTTG-1,1,
CACGAAAGTTAGTCCC-1,2,
CACGACTAAAGTTCTG-1,1,
CACGCACAGCGCAGCT-1,7,
CACGCAGCGAGGCTTT-1,12,
CACGCGGAACTGTTGC-1,13,
CACGTCGGCAACCTCT-1,6,
CACGTTCGTGCTCTAG-1,4,
CACGTTTCGTACACAC-1,0,
CACTAAAGTTGCCTAT-1,6,
CACTCAAGAGCTATGG-1,6,
CACTCAGCTCTTGAGG-1,8,
CACTCCTATGTAAGAT-1,9,
CACTCCTCTCGGTCGG-1,1,
CACTCGAGCTGAACAA-1,4,
CACTGACGATTGTGGA-1,10,
CACTGTCCAAGTGAGA-1,11,
CACTTAATCAGACGGA-1,12,
CACTTCGCCACAGGCT-1,11,
CAGAACTTAGCCCTCT-1,0,
CAGACACCGATCGCTG-1,6,
CAGACCTGTAAGTGTT-1,1,
CAGACGAACCTGATAC-1,3,
CAGAGACGGTCACCCA-1,6,
CAGAGCATGAGCTTGC-1,11,
CAGAGGCGATGCATGA-1,6,
CAGAGTGATTTAACGT-1,8,
CAGATACTAACATAGT-1,11,
CAGATATGAAGATGAC-1,9,
CAGATCCTGGTTTGAA-1,2,
CAGCAGCCCGTTCCTT-1,6,
CAGCAGTCCAGACTAT-1,0,
CAGCAGTCTGTGCTGC-1,0,
CAGCCGGGCCCTCTAT-1,1,
CAGCCTCCTGCAGAGG-1,14,
CAGCCTCTCCTCAAGA-1,1,
CAGCGATTCCCTTCAA-1,3,
CAGCTCACTGAGACAT-1,12,
CAGCTCGACAAGTTAA-1,8,
CAGCTCGTGCTTGTGT-1,6,
CAGCTGGCGTAACCGT-1,12,
CAGCTTAGTAGGTAGC-1,2,
CAGGAAGACTTTATAT-1,1,
CAGGATATATCGTTGT-1,3,
CAGGCCAGTACCACCT-1,9,
CAGGCCGTTTGGGTGT-1,12,
CAGGCGCACGGTGGTC-1,3,
CAGGCGCCATGCTAGG-1,4,
CAGTAATCCCTCCCAG-1,11,
CAGTACCAGTTTACGT-1,2,
CAGTAGCCCACGCGGT-1,8,
CAGTCGAGGATGCAAT-1,1,
CAGTCTCTCGGCTAAT-1,8,
CAGTCTGTATACTGGG-1,6,
CAGTGAATAAATGACT-1,14,
CAGTGGTTGCACATGA-1,8,
CAGTGTCCGCAGAATG-1,11,
CAGTGTCGGCTGGCCC-1,0,
CAGTGTTAATCTCTCA-1,9,
CAGTTCAAATTGACAC-1,12,
CAGTTCCGCGGGTCGA-1,11,
CATAACGGACAGTCGT-1,13,
CATAAGAAGCTTGGCT-1,0,
CATAATGAGCGGGCGA-1,1,
CATACAAAGCCGAACC-1,14,
CATACACGGTTCCCAC-1,10,
CATACCCGTACCCAGT-1,2,
CATACGAACTAGCTGG-1,9,
CATACGGCGTCTGGGC-1,3,
CATACGGGTGCATGAT-1,8,
CATACTATGTAATTGT-1,12,
CATAGCCGCCCGGGAT-1,11,
CATAGCGTTGCCCACC-1,9,
CATAGTACATTGAGAG-1,8,
CATAGTAGCATAGTAG-1,11,
CATAGTCCACAAGAAC-1,12,
CATATAGGTACAGTCA-1,3,
CATATGTCAGGCTACG-1,12,
CATATTATTTGCCCTA-1,1,
CATCATCTACCCGGAC-1,8,
CATCATTACCCTGAGG-1,0,
CATCCAATATAGTTTG-1,9,
CATCCTCTCAAAGATC-1,0,
CATCGCCCGCGGCCAA-1,6,
CATCGGACGGGTTAAT-1,3,
CATCTTACACCACCTC-1,13,
CATGAACCGACATTTG-1,8,
CATGAACCTCTTATCA-1,1,
CATGAGATGCACTCTC-1,0,
CATGATGCACAATTCT-1,7,
CATGATGGAAGTTAGC-1,0,
CATGCATGGAGACCCT-1,1,
CATGCCAACTCGCAAA-1,2,
CATGCGACCAGTTTAA-1,1,
CATGCGTTAGACAGAA-1,14,
CATGCTGGCTCCAATT-1,8,
CATGGATTGTCTTCCG-1,1,
CATGGCAGGAAGATCG-1,11,
CATGGGTATGCCTTAT-1,0,
CATGGGTCGGGTGTGG-1,8,
CATGGTAAGTAGCGTT-1,4,
CATGGTCTAGATACCG-1,11,
CATGTAAGAGACATTT-1,0,
CATGTCTCATTTATGG-1,0,
CATTACGTCGGCCCGT-1,6,
CATTATCCCATTAACG-1,9,
CATTATGCTTGTTGTG-1,11,
CATTCACTGACAGCTA-1,1,
CATTCAGGTCAGTGCG-1,8,
CATTCCCTAAGTACAA-1,8,
CATTTAGCGGACCATG-1,14,
CATTTCTAGCAGACTA-1,6,
CATTTGAGTGGTACGT-1,3,
CCAAACAGAACCCTCG-1,11,
CCAACCTTATGTAACT-1,10,
CCAACGATGCACTGAT-1,12,
CCAAGAAAGTGGGCGA-1,6,
CCAAGACTTCTGCGAA-1,11,
CCAAGCGTAACTCGTA-1,11,
CCAAGGAACAGAGAGG-1,6,
CCAATAGTGCCGTCGA-1,12,
CCAATCGGTAGATCGA-1,8,
CCAATGTCACAGCAAG-1,12,
CCAATTACGGGTCGAG-1,1,
CCAATTGAATGTTAAT-1,11,
CCACAATGTACGTCTT-1,14,
CCACACTGAGATATTA-1,12,
CCACAGCTGAAATCAT-1,8,
CCACAGTACCCATCCT-1,0,
CCACCAACTTTACTGT-1,3,
CCACCCAAGGAAAGTG-1,4,
CCACGAGAAGAGAATC-1,8,
CCACGGAGCCATAAGA-1,12,
CCACGGCAGGTGTAGG-1,9,
CCACTAAACTGAATCG-1,8,
CCACTGGTGGCTGGTT-1,3,
CCAGAAAGCAACTCAT-1,3,
CCAGAGACAAAGCCGG-1,11,
CCAGATAGTTGAGTGA-1,14,
CCAGCCTGGACCAATA-1,6,
CCAGCTACGCCTCATA-1,8,
CCAGCTCGAACGCATT-1,0,
CCAGCTGATGGTACTT-1,6,
CCAGGGACGTGGCCTC-1,11,
CCAGTAGTCTGATCCA-1,8,
CCAGTCCATTATTCGA-1,8,
CCAGTCTAGACGGCGC-1,8,
CCAGTCTTGTCATAGA-1,10,
CCATAAACAACCCGAC-1,8,
CCATACCTTTACTTGT-1,1,
CCATAGGTTGGCGTGG-1,6,
CCATAGTCAGTAACCC-1,8,
CCATCCATACCAAGTC-1,6,
CCATCGCAGTTAAACT-1,6,
CCATCTCACCAGTGAA-1,13,
CCATCTTGTTCACAAT-1,8,
CCATGCCCTAGATTTC-1,1,
CCATGCCTGTTTAGTA-1,12,
CCATGCTCTGCAGGAA-1,11,
CCATGGCCCTTGTACC-1,2,
CCATGTTCATCTATAT-1,9,
CCATTAGCGATAATCC-1,12,
CCATTCCCTGCCCACA-1,12,
CCATTTCTACCTATTA-1,0,
CCCAAACATGCTGCTC-1,14,
CCCAACATACGTCGCG-1,12,
CCCAACCACACTAACA-1,1,
CCCAAGACAGAGTATG-1,1,
CCCAATGAGATTTGCA-1,9,
CCCAATTTCACAACTT-1,12,
CCCAGTTAAGGCGCCG-1,4,
CCCGACCATAGTCCGC-1,14,
CCCGCAGCGCGAACTA-1,6,
CCCGCAGGGCCCAAAG-1,1,
CCCGCCATGCTCCCGT-1,11,
CCCGCGCAATGCACCC-1,6,
CCCGGGTCGTTCAGGG-1,10,
CCCGGTGGAAGAACCT-1,11,
CCCGGTGTATCGGAAT-1,2,
CCCGTAAGTCTAGGCC-1,2,
CCCGTAGCTGGGAAGA-1,9,
CCCGTCAGCGTCTGAC-1,11,
CCCTAGTGTCAGGTGT-1,8,
CCCTATGTAGAGCAGA-1,9,
CCCTCAGATCGAGAAC-1,9,
CCCTCATTCTGGAATT-1,11,
CCCTCGATAATACACA-1,9,
CCCTGAAATGAGTTGA-1,12,
CCCTGCCCAATCCGCT-1,2,
CCCTGCGCTACGCATA-1,2,
CCCTGGTATGGGCGGC-1,1,
CCCTTTGACAGGTCTT-1,6,
CCGAAAGTGGTGAGCA-1,6,
CCGAACACTGGGCCTC-1,2,
CCGAACCTTCCCGGCC-1,10,
CCGAAGTATATTGTTC-1,6,
CCGACAAAGGGAGTGC-1,2,
CCGACGGGCATGAGGT-1,2,
CCGAGGGATGTTAGGC-1,1,
CCGATCTCAACCTTAT-1,1,
CCGATTCGAGGGACCC-1,2,
CCGCACAAAGACCAAC-1,4,
CCGCACGTGACCTCGG-1,5,
CCGCATGTGGTACGAT-1,0,
CCGCCACCACAATCCA-1,5,
CCGCCGGTCAACACAC-1,14,
CCGCCTGCGAATTGGT-1,5,
CCGCGGAATGCGTCAC-1,3,
CCGCGGGTACGAAGAA-1,2,
CCGCGTAGGTAAGGGC-1,2,
CCGCTATCAGCACCAG-1,6,
CCGCTGGTGCCATTCA-1,1,
CCGCTTACCTCACTCT-1,12,
CCGGAATGGTTTCAGT-1,11,
CCGGAGCGTACTTTCT-1,10,
CCGGCGCATATTGGAT-1,14,
CCGGGACCCGCAGAGA-1,11,
CCGGGCGGTCTCGTCA-1,6,
CCGGGCTAAGAATTTC-1,9,
CCGGGCTGCTCCATAC-1,14,
CCGGGTTCGAGGTTAC-1,2,
CCGGTTTGTAATTGTG-1,9,
CCGTAAGTTGGTCCCA-1,4,
CCGTACCCAAGCGCCA-1,14,
CCGTATCTCGTCGTAG-1,2,
CCGTGCCCATGACGGC-1,14,
CCGTGTTAAATTCCAT-1,12,
CCGTTACGTTAGAACA-1,8,
CCGTTCCGAATCTCGG-1,3,
CCTAAAGGCTGACGCT-1,8,
CCTAAATTAACGGTTC-1,6,
CCTAACCCAAACAAGT-1,14,
CCTAACTAAGGCTCTA-1,8,
CCTACATTCACAGACG-1,12,
CCTACGGCTCAGTCGA-1,6,
CCTACTGCTTACACTT-1,11,
CCTAGGCGTAGCGATC-1,14,
CCTAGTTAGTCGCATG-1,8,
CCTATAATGAGTGCCC-1,0,
CCTATACCGTCCTGTC-1,3,
CCTATATTTGTCCTGG-1,10,
CCTATCTATATCGGAA-1,14,
CCTATGGCTCCTAGTG-1,9,
CCTATGGGTTACCGTC-1,11,
CCTCACCAATCTTGAC-1,11,
CCTCACCTGAGGGAGC-1,1,
CCTCACCTTAGCATCG-1,8,
CCTCATGCAGCTACGA-1,14,
CCTCCCGACAATCCCT-1,8,
CCTCCGACAATTCAAG-1,12,
CCTCGAAGTGGACGGG-1,8,
CCTCGCCAGCAAATTA-1,14,
CCTCGCGCGATATAGG-1,1,
CCTCGCGCTGTGCGAT-1,10,
CCTCGGACCGGGATAG-1,14,
CCTCGGTTTCCTTGCC-1,10,
CCTCTAATCTGCCAAG-1,6,
CCTCTACAAGGATTGG-1,9,
CCTCTATCGATTAGCA-1,2,
CCTCTCTCCCATCTAG-1,12,
CCTCTGGCCTAGACGG-1,8,
CCTCTGTACTATTCTA-1,10,
CCTGAACGATATATTC-1,4,
CCTGAATATTTACATA-1,7,
CCTGACCACCGATGGT-1,6,
CCTGAGAATAAATGCA-1,5,
CCTGCGATAGAACTGT-1,8,
CCTGCTATTTGAGAAG-1,11,
CCTGGCTAGACCCGCC-1,12,
CCTGGTCGAATGTGGG-1,0,
CCTGTAAGACATGATA-1,12,
CCTGTACTCACGCCCA-1,2,
CCTGTCACCCGGGCTC-1,11,
CCTGTCGCCCGTAAAT-1,2,
CCTGTTTGAAGACACG-1,0,
CCTTCAGTTAAAGTGA-1,5,
CCTTCTTGATCCAGTG-1,14,
CCTTTAAGGGAGCACT-1,6,
CCTTTCAATGAAGAAA-1,8,
CGAAACATAGATGGCA-1,8,
CGAAACGCAATTCATG-1,12,
CGAACAGTATGGGCGT-1,0,
CGAACCCGCATGCGTC-1,3,
CGAACGCCCAGTGCCG-1,8,
CGAAGTTGCTCTGTGT-1,12,
CGAATCTGCTCGACGC-1,9,
CGAATGAAGTCATTGC-1,9,
CGAATGACGCATAATG-1,10,
CGACAATTTGATCTAA-1,13,
CGACACGCTCCGACAG-1,13,
CGACAGTTCGCGTTAT-1,12,
CGACATGCGATCTTCT-1,8,
CGACTCAGGATGTTAT-1,8,
CGAGACCCTAGAGTGT-1,3,
CGAGAGATGTGAACCT-1,11,
CGAGCACTTCAAGTTT-1,11,
CGAGCGTTGATCAGCC-1,14,
CGAGCTGGGCTTTAGG-1,14,
CGAGGCCAGGCATTGG-1,8,
CGAGGCTAAATATGGC-1,11,
CGAGGGACTGCGGTCG-1,4,
CGAGGGTATCCAGGTG-1,0,
CGAGTACTAAAGAGGA-1,12,
CGAGTGAAGGTACCAG-1,3,
CGAGTGCTATAGTTCG-1,8,
CGAGTTCTGTCCCACC-1,14,
CGAGTTTATCGGACTG-1,13,
CGATACCTCGCGGACA-1,12,
CGATATTAGCCGCAGG-1,8,
CGATCCGACCCAGTGC-1,12,
CGATCCTCGCAACATA-1,10,
CGATCTGTTGGAGGAC-1,2,
CGATGGACCCTACGCC-1,8,
CGATTAAATATCTCCT-1,10,
CGATTCGCCTGGCTGC-1,0,
CGCAAACACGAGTTAC-1,11,
CGCAATTACTTTCGGT-1,11,
CGCAATTAGGGTAATA-1,6,
CGCAATTCTACAATAA-1,5,
CGCACATGTCCACTAC-1,14,
CGCACGTCTGTTTATG-1,9,
CGCACGTGCGCTATCA-1,13,
CGCAGAAACATTTGCG-1,8,
CGCAGGCGATCCAAAC-1,1,
CGCATCATGGCTTCAG-1,1,
CGCATGGTGCGATGCT-1,6,
CGCATTAGCTAATAGG-1,11,
CGCCAAGAAGCCGAGT-1,2,
CGCCACCCGCATTAAC-1,8,
CGCCATCCGATTATGA-1,14,
CGCCCAGCACGCCTAG-1,10,
CGCCCGCTTCCGTACA-1,8,
CGCCCTTGAAGGCTGA-1,11,
CGCCGCCCATGCCTGT-1,4,
CGCCTCCCTCCTCTAT-1,4,
CGCCTGGCCTACGTAA-1,2,
CGCGACCGCGACAGAT-1,0,
CGCGAGTCTGCCGGGT-1,2,
CGCGCAAATGTCCAGA-1,9,
CGCGCAAGGAACTACA-1,8,
CGCGCATGTTTGATTG-1,6,
CGCGCCCGACTTAATA-1,14,
CGCGGCTCAACTTGAA-1,13,
CGCGGGAATTAGGCAG-1,6,
CGCGTTCATGAAATAC-1,11,
CGCTACGGGACATTTA-1,12,
CGCTAGAGACCGCTGC-1,1,
CGCTATACCGCCCACT-1,6,
CGCTATTCAATGTATG-1,11,
CGCTATTCTTAGGCTC-1,3,
CGCTCGACATAATGAT-1,11,
CGCTCTCCGTAGATTA-1,12,
CGCTGAGGACGTCCAA-1,1,
CGCTGGTGACTACCCT-1,0,
CGCTGTGACGCCGCAC-1,11,
CGCTGTGTGGATGTTG-1,9,
CGCTTAGTATTGATAC-1,10,
CGCTTATTCCCGGTCG-1,2,
CGCTTCCACTGAAATC-1,11,
CGCTTTCATACCGGTG-1,6,
CGCTTTCTTGCATTCG-1,14,
CGGAAAGAATCAAACG-1,6,
CGGAACGTAAACATAG-1,6,
CGGAGCAATTTAATCG-1,10,
CGGAGCATGGCGATCC-1,6,
CGGAGCTTATAACACC-1,1,
CGGAGTTTGAGAGACA-1,2,
CGGATAAGCGGACATG-1,6,
CGGATCCTCAAGGACT-1,0,
CGGATGAATGCTGTGA-1,9,
CGGCAAACATCGTGCG-1,10,
CGGCACCGTTAGCGCC-1,1,
CGGCACTCAAGAAAGT-1,14,
CGGCAGGGTCGGGTTG-1,8,
CGGCCACGCACAAAGT-1,3,
CGGCCCAGGTATATCC-1,1,
CGGCGCCATCAATCCC-1,0,
CGGCTTTGTATGATAA-1,8,
CGGGAATATAGTATAC-1,1,
CGGGAATTTATGTAAA-1,6,
CGGGAGCTTCAGTGTA-1,8,
CGGGATCAATGTAAGA-1,11,
CGGGCAGCTAAACCGC-1,12,
CGGGCCATAGCCGCAC-1,8,
CGGGCCTTCTTTGTAA-1,12,
CGGGTGTACCCATTTA-1,14,
CGGTACTAGAATCAAA-1,4,
CGGTAGAGGTGCAGGT-1,8,
CGGTCAAGTGGGAACC-1,14,
CGGTCCGTCGCAAGCC-1,10,
CGGTCTATCAACCCGT-1,8,
CGGTGAAGACTAAAGT-1,3,
CGGTGCAGATAGAACG-1,12,
CGGTGCGCGTTGGTCC-1,6,
CGGTGTACTTGATCCC-1,6,
CGGTTATCCAACAGTG-1,8,
CGGTTCAAGTAGGTGT-1,1,
CGGTTCCGGCTTCTTG-1,14,
CGGTTGACCTGGCATA-1,2,
CGGTTGAGTATCCTTC-1,9,
CGTAAACGCTTGAGTG-1,8,
CGTAAAGCAAGAAATC-1,9,
CGTACCTGATAGGCCT-1,11,
CGTAGCGAATTGTCAG-1,8,
CGTAGCGCCGACGTTG-1,8,
CGTATTAAGAGATCTA-1,12,
CGTCACGTCCATTGGT-1,3,
CGTCAGTGCGCACAAG-1,14,
CGTCATACCATATCCA-1,6,
CGTCGCTTGGTTATAC-1,9,
CGTCGGATAGTGTTGA-1,13,
CGTCGGGTCTAAGCGC-1,2,
CGTCGTCCTTCGCGAA-1,0,
CGTCTGGAAGGGCCCG-1,14,
CGTGAAGTTAATTCAC-1,12,
CGTGACATTGGGTCGT-1,8,
CGTGACCAGTCCTCTG-1,10,
CGTGCAGACTGGGACA-1,4,
CGTGCATTGTCGACGC-1,2,
CGTGCCCTCCCGAAGA-1,4,
CGTGCTTCTACCTAAA-1,9,
CGTGGCCGAATATCTA-1,0,
CGTGGTACCCAAAGGC-1,10,
CGTGTCCCATTCGCGA-1,11,
CGTGTCTCGTTACGAC-1,9,
CGTTAATGTCCCGACG-1,0,
CGTTAGCTCACAACTG-1,1,
CGTTCAGACCCGCGAA-1,0,
CGTTCATGGTGCGCGT-1,2,
CGTTGAATACCGCGCT-1,0,
CGTTGAGCGACCGTCG-1,4,
CGTTGCCCGCGTGGGA-1,5,
CGTTGTCGGCAATTGA-1,0,
CGTTGTTTCAATTCCC-1,12,
CGTTTAAGCGGAGCAC-1,14,
CGTTTCACTTCGGGCG-1,1,
CGTTTCGCTCATTACA-1,12,
CGTTTGTGTAGAGGGT-1,9,
CTAAACGGGTGTAATC-1,1,
CTAAAGAATGCCTACT-1,12,
CTAAAGGGAAATAGGA-1,6,
CTAAAGTCCGAAGCTA-1,8,
CTAAATCCGGTGTACA-1,9,
CTAAATCCTATTCCGG-1,8,
CTAACCGCGCGCCCGT-1,12,
CTAACGAAACTTGCTG-1,8,
CTAACTGGTCCGGTTC-1,12,
CTAAGGGAATGATTGG-1,4,
CTAATTCGCACGCGCT-1,5,
CTAATTTCAACAACAC-1,11,
CTACAAGAAATAACCC-1,9,
CTACACTAGCTTGTTC-1,1,
CTACCCTAAGGTCATA-1,8,
CTACGACTAGCTATAA-1,2,
CTACGATCCTATCCTA-1,9,
CTACGCACGGAGTACC-1,12,
CTACGCCATTTCCGAT-1,8,
CTACGTGTTGCCACCA-1,8,
CTACTATCATAGGTTT-1,2,
CTACTATCTTTCAGAG-1,8,
CTACTCAAGGTATAGT-1,9,
CTACTCTAGGCCCGGC-1,9,
CTACTGCCACCTGACC-1,11,
CTAGATAAACTCCTCG-1,8,
CTAGATGTGAGTGTAA-1,0,
CTAGATTTACGACGGC-1,4,
CTAGCAACTAATTTAC-1,1,
CTAGCATAGTATAATG-1,6,
CTAGCCGATGTTATGA-1,1,
CTAGGCGCCCTATCAG-1,14,
CTAGGTCTGAAGGAAT-1,0,
CTAGGTTCGGACGTGA-1,0,
CTAGTAGAAAGGGATT-1,0,
CTAGTATTCGGAATTA-1,8,
CTAGTCACGTCTTAAG-1,6,
CTAGTGAAGGACAGGA-1,12,
CTAGTTACAACCCGGT-1,10,
CTAGTTGGGCCCGGTA-1,11,
CTATAAGAGCCAATCG-1,1,
CTATAGGCGTTGATGT-1,9,
CTATATCCAGCCTGGC-1,9,
CTATCGACGAAATACA-1,0,
CTATCGGGTCTCAACA-1,6,
CTATGAACACCTTGCC-1,9,
CTATGCCCGAATGCAA-1,10,
CTATGTCACTAGCCCA-1,11,
CTATGTCTATTGAAAC-1,8,
CTATGTGAGTCACGGC-1,2,
CTATTCATGTGTCCCA-1,10,
CTATTTGGTTACGGAT-1,4,
CTCAAACCACTGCCCG-1,9,
CTCAACTAACCCGGAT-1,5,
CTCACATTTACTAAAT-1,0,
CTCACTGTGATACTTA-1,0,
CTCACTTGGCTGGTAA-1,2,
CTCAGGACTCACCTGT-1,6,
CTCAGTCACGACAAAT-1,8,
CTCATGGCTCACAATC-1,8,
CTCATGGTAATTTGCG-1,12,
CTCATTGCTCTAACAA-1,0,
CTCATTTGATGGGCGG-1,11,
CTCCCTCCTTTCGATC-1,12,
CTCCGCCCACATGAGG-1,12,
CTCCGGCCTAATATGC-1,11,
CTCCGGCTTGTAGACA-1,8,
CTCCTAAGTTATGTCT-1,14,
CTCCTCCAGCTCACAC-1,10,
CTCGAGGCAAGTTTCA-1,9,
CTCGAGGTCGAACAGT-1,11,
CTCGATATTTGCGAGC-1,1,
CTCGCACCTATATAGT-1,11,
CTCGCCGAATGTAGGG-1,0,
CTCGGGTTCTCTGGCC-1,9,
CTCGGTACCACTGCTC-1,4,
CTCGGTCCGTAGCCTG-1,11,
CTCGGTTGTCGGCCCT-1,3,
CTCGTCGAGGGCTCAT-1,9,
CTCGTTACGGCTACCA-1,5,
CTCTACACTGGCGATT-1,2,
CTCTATTTGGCTGCAG-1,6,
CTCTCACAATCGATGA-1,11,
CTCTCGATGTGCGCCT-1,1,
CTCTCTAACTGCCTAG-1,2,
CTCTGCAGGCATTCTT-1,9,
CTCTGCGAAGCAAGCA-1,14,
CTCTGGACGCCTGGTG-1,11,
CTCTGTGCCTGCTATG-1,5,
CTCTGTTTGAGGATTC-1,8,
CTCTTCTATTGACTGG-1,0,
CTCTTCTGGAAGTTAG-1,9,
CTCTTGTCCCGCTTGG-1,10,
CTGAAAGAGATCCGAC-1,14,
CTGAATCCGAGACCTC-1,3,
CTGACTGCGCAGCTCG-1,1,
CTGAGCAAGTAACAAG-1,14,
CTGATCCCTTTATGCA-1,9,
CTGCACAACTACATAT-1,0,
CTGCACCTGGAACCGC-1,11,
CTGCACTCCAGTACAG-1,0,
CTGCCAAGGTTGGAAG-1,14,
CTGCCATGCATCACAT-1,3,
CTGCCTAGCCACCAAG-1,1,
CTGCCTTTAATACCTT-1,9,
CTGCGGGTGAAATGTT-1,2,
CTGCGGTAGTCACGTG-1,5,
CTGCGTTACGATATAA-1,1,
CTGCTGAGGCCACGAA-1,12,
CTGCTTGGCGATAGCT-1,0,
CTGGAAATGGATGCTT-1,12,
CTGGAAGACACGGTGG-1,14,
CTGGATTTACACTTGA-1,6,
CTGGCATCCGAATGAG-1,12,
CTGGCGACATAAGTCC-1,8,
CTGGCGCACAGGTCTG-1,14,
CTGGCGGGAATAAGTA-1,6,
CTGGCTCCTGCGGGAT-1,8,
CTGGCTGATTCATCCT-1,13,
CTGGCTGCTAACGTAA-1,8,
CTGGCTGGTTGTCAGT-1,6,
CTGGGATAAATAATGG-1,4,
CTGGGCCTGCTATATC-1,12,
CTGGGTAGGCAGTTAA-1,4,
CTGGTAACACATAGAA-1,14,
CTGGTAACGAGCTCTT-1,8,
CTGGTCCTAACTTGGC-1,8,
CTGGTGAATGGGCCTA-1,9,
CTGGTTCAACGCATCA-1,8,
CTGGTTTCGAGCAAGA-1,14,
CTGTACTTCTTAGCAT-1,12,
CTGTAGCCATCTCACT-1,6,
CTGTATGGTGTAGAAA-1,11,
CTGTCAAATGGCTCGG-1,14,
CTGTGCAGGGTAGGTC-1,4,
CTGTGGTCGGGAGATA-1,0,
CTGTTACCCAATCTAG-1,6,
CTGTTCACTGCCTGTG-1,11,
CTGTTCATCTCACGGG-1,11,
CTGTTGTTCAGTCGTA-1,9,
CTTAACTTCGAAGTAC-1,8,
CTTACACGGTATTCCA-1,12,
CTTACACTGGGAAATA-1,11,
CTTAGCCTTCCACATG-1,14,
CTTAGGTATAGACCAG-1,9,
CTTAGTAGGCCTACAG-1,1,
CTTAGTGTAGTAGCAT-1,0,
CTTAGTTGAGGAATCG-1,9,
CTTATGTTGACTACCA-1,14,
CTTCAACTCCACTTGG-1,0,
CTTCACGCCCTGGTAC-1,9,
CTTCAGTGGTCGCCTA-1,2,
CTTCATAGCTCAAGAA-1,11,
CTTCATTGTCAGTGGA-1,3,
CTTCCGCTCCGTGAAG-1,6,
CTTCGTAGATAGGTGA-1,12,
CTTCTATGTTGAAGTA-1,2,
CTTCTATTAATGCTAG-1,3,
CTTCTGGGCGTACCTA-1,9,
CTTCTTACGTCGTATA-1,14,
CTTGACCCGAAAGATA-1,8,
CTTGAGGTTATCCCGA-1,8,
CTTGAGTTAGGGTAAT-1,14,
CTTGCAACCGCCTCCT-1,2,
CTTGCCCAGGCTCTAC-1,3,
CTTGGCCAAGCTGGGA-1,10,
CTTGTACTTGTTGACT-1,11,
CTTGTCAACATTCGAG-1,10,
CTTGTGAGTCTTTGAC-1,14,
CTTGTGCTCACCGATT-1,8,
CTTGTTGCTGAGTCAA-1,4,
CTTGTTTATGTAGCCA-1,6,
CTTTAACTTTCAAAGG-1,11,
CTTTAATATTGGTCGA-1,0,
CTTTACCGAATAGTAG-1,0,
CTTTAGGAACACTGTT-1,14,
CTTTAGTGCTATTATT-1,6,
CTTTCTGTGCGGGCTT-1,10,
CTTTGGCGCTTTATAC-1,2,
CTTTGGCTTTAGTAAA-1,12,
CTTTGGGATTGTTGCA-1,9,
GAAACAGATGACCACC-1,13,
GAAACAGCCATGCAGT-1,8,
GAAACATAGGAAACAG-1,9,
GAAACCGAATTACCTT-1,12,
GAAACCTATACAAATG-1,10,
GAAACTCGTGCGATGC-1,5,
GAAACTCTAATGAAGG-1,8,
GAAAGAACAGCGTTAT-1,1,
GAAAGCAGTGCACTTT-1,6,
GAAAGCCCTTTGGACC-1,2,
GAAAGTGACTAACTGC-1,11,
GAAATACTAAACGTTT-1,6,
GAAATATCACCATCAG-1,2,
GAAATCGCGCGCAACT-1,14,
GAAATGGCGGTGTTAG-1,12,
GAAATGGGATGTAAAC-1,8,
GAAATTAGCACGGATA-1,1,
GAAATTCACATCGCTG-1,14,
GAAATTGTCTCTATAA-1,12,
GAACACACATCAACCA-1,11,
GAACAGATTACTAAAT-1,0,
GAACCATCTGGGAGAC-1,1,
GAACCCTCTGTGTTCT-1,0,
GAACCTTTAACGATCC-1,0,
GAACGACCGAATGATA-1,11,
GAACGTCTCATGGTCG-1,14,
GAAGAAACGATATTGT-1,9,
GAAGAACGGTGCAGGT-1,6,
GAAGCCACTGATTATG-1,0,
GAAGCCTGCACATTCC-1,10,
GAAGCGTGAGGAATTT-1,3,
GAAGCTCGGACCCGTC-1,9,
GAAGCTTGCTGACCGC-1,12,
GAAGGAGTCGAGTGCG-1,0,
GAAGTCAGTTGCACTA-1,6,
GAAGTCTCCCTAGCGA-1,14,
GAAGTGATTTATCGTG-1,12,
GAAGTGCTGGATAGCT-1,14,
GAAGTTTCCACTCAAT-1,12,
GAATAGACGCGACCCA-1,13,
GAATAGTGCTCGATTA-1,9,
GAATATTCGGAGTCCC-1,8,
GAATCGACATGGTCAC-1,11,
GAATCGCCGGACACGG-1,14,
GAATCTGAACATTCTC-1,6,
GAATGCCGAAATGACC-1,6,
GAATGCGAATCGGTTC-1,0,
GAATGTATGGCAGGTC-1,1,
GAATGTGGTCCGGATT-1,4,
GAATGTTGGGTAATCT-1,11,
GAATTATAGTGAAAGG-1,6,
GAATTCACCCGGGTGT-1,6,
GAATTTCTCGCTGCAG-1,5,
GACAAACATATGCAGG-1,0,
GACAACGACCATTGAA-1,6,
GACAACGCAGCTTACG-1,11,
GACACAAGGGAAGAAA-1,11,
GACACGAGTTAGAGGA-1,6,
GACACTGAGTTCAGTG-1,12,
GACAGCCAGACCTGAC-1,0,
GACAGGCACACACTAT-1,6,
GACATCCGTCGAACTG-1,0,
GACATCGATTTATAAC-1,6,
GACCAGAGCCCTGTAG-1,12,
GACCCAATTATGATAC-1,2,
GACCCGTCGCCGGCTA-1,8,
GACCGACTGAAGCGTC-1,2,
GACCGATTAAATATGT-1,9,
GACCGTCAGGTCGTGA-1,8,
GACCGTGCTGACGGTG-1,12,
GACCTTCCACGTCTAC-1,1,
GACGACGATCCGCGTT-1,0,
GACGCCGTAAAGGCTA-1,6,
GACGCCTGTTGCAGGG-1,14,
GACGCTTGCTTCTAAA-1,12,
GACGGACCGCGTTCCT-1,1,
GACGGGTTGGCCCGTA-1,10,
GACGGTCAATAGAAGC-1,1,
GACGTGAGACTCCATG-1,8,
GACTAAGATCATGCAC-1,11,
GACTAAGTAGGCTCAC-1,11,
GACTACAAAGCGGTGG-1,12,
GACTACAATTGCTCGT-1,1,
GACTCACCCACGTGAG-1,1,
GACTCGCGGGAATGAC-1,8,
GACTGCAAATCGAGCT-1,0,
GACTGCACCAGCCCAG-1,0,
GACTGCTGGTGAGAAA-1,10,
GAGACTGATGGGTAGA-1,11,
GAGACTTCGCGACCGA-1,6,
GAGAGGGCGCGAGGTT-1,12,
GAGAGGTGCATTCTGG-1,2,
GAGATCTGCTTGGCAT-1,12,
GAGATCTGTCACTCCG-1,11,
GAGATCTTCCATGACA-1,4,
GAGATGGGAGTCGACA-1,0,
GAGCACCTGTGTCCAG-1,0,
GAGCATCAACAACTTG-1,9,
GAGCATCATCCCTGGG-1,14,
GAGCCACGGTAGTAGG-1,8,
GAGCCAGCTACCTGTG-1,0,
GAGCGAGGGAGTACCG-1,14,
GAGCGCGCACGAGTAG-1,8,
GAGCGCTGTTAGGTAA-1,9,
GAGCTAAGGGCATATC-1,14,
GAGCTCTCGGACCTAA-1,6,
GAGGAATGGAGAGGTT-1,11,
GAGGCCCGACTCCGCA-1,9,
GAGGCTATCAAAGTCG-1,2,
GAGGGAGTCAGATCGC-1,10,
GAGGGCATCGCGTATC-1,14,
GAGGGCGCAGCTCTGC-1,8,
GAGGGTAGTAACAAAG-1,9,
GAGGTACATCCATCTT-1,8,
GAGGTACGCGTGTCCC-1,1,
GAGGTCCCAAAGATCT-1,6,
GAGTACGGGTATACAA-1,11,
GAGTAGATACTAGTTG-1,0,
GAGTATACCCTAATCA-1,9,
GAGTATGCCCGCCTTG-1,3,
GAGTATGCGCGTGCAT-1,0,
GAGTCAGACCAGAATC-1,6,
GAGTCCGCTTACCGGA-1,6,
GAGTGTCAACCAGAAA-1,0,
GAGTGTGCGGTACCCA-1,14,
GAGTTGATGGCAATTT-1,2,
GATAAATCGGTGGATG-1,11,
GATAACTCGCACTGTG-1,14,
GATAAGGCAGATGCAA-1,14,
GATACGATGGGAGTCA-1,12,
GATAGGTAACGTTGAC-1,6,
GATATCTCATGCAATA-1,8,
GATATGAGACACTAAC-1,4,
GATATGCGGTAGCCAA-1,8,
GATATGGATTACGCGG-1,2,
GATATTGAGATTGGCG-1,1,
GATATTTCCTACATGG-1,8,
GATCAACATAAAGGGA-1,9,
GATCATTCCAAACATT-1,12,
GATCCCTTTATACTGC-1,11,
GATCCGGGAATTAACA-1,4,
GATCCTAAATCGGGAC-1,8,
GATCCTCGACACTGGC-1,2,
GATCGACACTATCTGA-1,11,
GATCGCGGGCTCTCCA-1,12,
GATCGCTACCCGATTT-1,0,
GATCGCTATATCTCAG-1,9,
GATCGCTGTGGTGCGT-1,9,
GATCGGTGGCCATAAC-1,11,
GATCGTGACTGATATC-1,4,
GATCTGCTATCTAAGG-1,10,
GATCTTGGAGGGCATA-1,4,
GATCTTTGCAGGGTAT-1,12,
GATGACAAGTAGGGCA-1,9,
GATGCCAGCAGAAGGC-1,11,
GATGCGTCCTGCATTC-1,3,
GATGCTACAAGCGCCT-1,11,
GATGCTGTATTTCATC-1,4,
GATGGCGCACACATTA-1,11,
GATGGTGCCCTAGGCA-1,1,
GATGTAACGAACCACC-1,2,
GATGTCCGGATCACAT-1,13,
GATGTCGGTCAACTGC-1,1,
GATGTTCAATCCACGA-1,12,
GATGTTTGTGCGAGAT-1,11,
GATTAACCGAAAGCCC-1,0,
GATTACTGAATTTGGG-1,12,
GATTCCCTTGTCGCAG-1,11,
GATTCCGCGTTTCCGT-1,8,
GATTCCTATACGGCGC-1,11,
GATTCGACGGTTCACG-1,4,
GATTGACACTCTGCTC-1,1,
GATTGCTCCAGTTGCA-1,9,
GCAAACCCTACATTAT-1,0,
GCAAACCTTGGCCATA-1,0,
GCAAAGGGCGTTAGCC-1,9,
GCAAATATTACGCTTT-1,12,
GCAACACACTAGAACT-1,2,
GCAACAGCAGTATGCG-1,1,
GCAACCACCAGACCGG-1,1,
GCAACCACGGCCGCGT-1,2,
GCAAGAATTCCTTGGC-1,12,
GCAAGTGCACAGAGAA-1,11,
GCACAAACCCTAGATG-1,9,
GCACAAGTGTCGGAAG-1,8,
GCACACACTGGTAGCC-1,0,
GCACGCCTACTTAGAT-1,9,
GCACTAGTCGCGCTAT-1,14,
GCACTGCCTACCTTTA-1,1,
GCACTGTGCAAATGTA-1,14,
GCAGACCCAGCACGTA-1,0,
GCAGATCCATAAGACT-1,0,
GCAGATTAGGGATATC-1,3,
GCAGCACACAGCCCAG-1,12,
GCAGCGGTGGGCATTA-1,8,
GCAGGAACTTAGATCT-1,2,
GCAGGACTATAGAATA-1,12,
GCAGGTAGAGTATGGT-1,1,
GCAGTGTGGCTATAGG-1,0,
GCATAGAGCACTCAGG-1,3,
GCATCCCTAACTTTGA-1,11,
GCATGAGGGACGCGGC-1,8,
GCATTGTAATTCATAT-1,2,
GCCACAATTTAAGGAC-1,12,
GCCACTCAGAGCGCGA-1,0,
GCCAGGAAAGAACACT-1,5,
GCCAGGAGTAACCGAT-1,8,
GCCAGGCGTTCGCATG-1,5,
GCCATATTGCACACAG-1,8,
GCCATCGAGCTGCGTG-1,3,
GCCCACCAAGGCTGTC-1,14,
GCCCAGTTGGTATGCC-1,11,
GCCCGACTTCTTCCCG-1,12,
GCCCGATCTGTGGTCG-1,10,
GCCCGCGCGTAAACGG-1,3,
GCCCGCGCGTTTGACA-1,11,
GCCCGTAATACCTTCT-1,14,
GCCCTAGCCGTCGCGA-1,2,
GCCGAAATTCCTACGT-1,12,
GCCGACCCACGACTGC-1,9,
GCCGATTGGCCAAGCT-1,3,
GCCGCATTAGTCCGGC-1,2,
GCCGCTTGTGAGAAAC-1,12,
GCCGGAAACACATCTT-1,1,
GCCGGGTTAGGGTCGC-1,3,
GCCTAGCGATCTGACC-1,11,
GCCTATAGTGTCAGGG-1,8,
GCCTATTCCGATATAG-1,11,
GCCTATTTGCTACACA-1,8,
GCCTCATCTGGAAATA-1,13,
GCCTCTATACATAGCA-1,0,
GCCTTCAGCCCTACCG-1,11,
GCCTTGTATATGCAGT-1,8,
GCGAAACGATCGGGAG-1,0,
GCGAAACTTAACTGGA-1,0,
GCGAAGCCATACCCGT-1,11,
GCGACCCAACCATCTG-1,9,
GCGACGATAGTTGTAC-1,3,
GCGAGAGTTGCGTCCA-1,5,
GCGAGGCCCGAGCAGA-1,12,
GCGAGTTCTGCAAAGA-1,6,
GCGATTCTGGAAGCAG-1,1,
GCGATTGTTAACGTTA-1,4,
GCGCAAATATATTCAA-1,9,
GCGCAAGAGCGCGCTG-1,1,
GCGCATCCAGTCAGCA-1,8,
GCGCCGTTCCACGATA-1,6,
GCGCGATGGGTCAAGT-1,5,
GCGCGGTCTAGTAACT-1,5,
GCGCGTCATTGGTACA-1,0,
GCGCTAATTGAATAGA-1,6,
GCGCTATGCCGAGGCA-1,12,
GCGCTGATCCAGACTC-1,8,
GCGCTGCTTTGCATTT-1,8,
GCGCTTAAATAATTGG-1,0,
GCGGACCGCGTTGTGG-1,3,
GCGGAGAAACTTCGCA-1,3,
GCGGAGAGGGAGAACG-1,4,
GCGGCAAAGTATTGCC-1,9,
GCGGCTCTGACGTACC-1,12,
GCGGGAACCAGGCCCT-1,11,
GCGGGCGAGCCTTACC-1,6,
GCGGTAACCCAAATGA-1,8,
GCGGTCCCTAGACGCA-1,14,
GCGGTGAACTGCGCTC-1,1,
GCGGTTCCCTATCATG-1,3,
GCGTAAATGGCCATAA-1,1,
GCGTCCCTAAGACATA-1,10,
GCGTCGAAATGTCGGT-1,14,
GCGTCGCCAGGGTGAT-1,10,
GCGTCTCTGCATTGGG-1,12,
GCGTGGTACTGGGTTA-1,13,
GCTAAACCTGAGGTGA-1,11,
GCTAACTGAAGTCTGA-1,0,
GCTAAGTAGTTTCTCT-1,4,
GCTAATACCGAATGCC-1,11,
GCTACGACTTATTGGG-1,4,
GCTACTATAGTAGAGT-1,8,
GCTAGACCGTCTACTG-1,0,
GCTAGAGTAGAGATGT-1,0,
GCTAGCGATAGGTCTT-1,9,
GCTAGCTTGAATAGCT-1,3,
GCTAGGCACCACGGAG-1,0,
GCTAGTAGAGCTTGTA-1,6,
GCTAGTTTCATTGAGG-1,11,
GCTATACGTCTCGGAC-1,14,
GCTATCATACTCATGG-1,0,
GCTATCGCGGCGCAAC-1,6,
GCTCAATCCGTTTATT-1,3,
GCTCAATGTAATACCG-1,10,
GCTCATTACTGCATGT-1,1,
GCTCCTGACATACTGG-1,3,
GCTCGCTCATGTCCAA-1,13,
GCTCGGAATTTAAAGC-1,14,
GCTCTAAACCCTGACG-1,11,
GCTCTATGTTACGTGC-1,11,
GCTCTCGGGTACCGAA-1,11,
GCTCTTTCCGCTAGTG-1,10,
GCTGAATCTTCCAATC-1,9,
GCTGAGGCGTGAGTAT-1,6,
GCTGCACGGTTTCTTA-1,4,
GCTGCTAAGTAGTCGA-1,10,
GCTGCTACTGCGTAGC-1,0,
GCTGCTCTCCGGACAC-1,11,
GCTGGCATATTCACCT-1,12,
GCTGGCGGCGCATGCT-1,10,
GCTGGTTTAGGCCATA-1,2,
GCTGTATTACTGGCCC-1,12,
GCTGTTGCTACCGAAC-1,14,
GCTTAATGTAACTAAC-1,4,
GCTTATGAAGCAGGAA-1,14,
GCTTCCGTCCCTAGAC-1,7,
GCTTCGACGTTCAATC-1,9,
GCTTGATGATAATCAG-1,11,
GCTTGGATCGATTAGG-1,8,
GCTTTCAGAGGAGGTG-1,8,
GGAAAGTGCCCATGCC-1,8,
GGAACCGTGTAAATTG-1,3,
GGAACCTTGACTCTGC-1,9,
GGAAGCTCGCTTACAG-1,1,
GGAATAACCTCAAGAA-1,1,
GGAATGCGCTAGCGTG-1,6,
GGACCAACAGGATAAC-1,10,
GGACCTCTAGGCCGCC-1,9,
GGACTCGTGAGTGGTC-1,9,
GGAGAAGTCATTGGCA-1,11,
GGAGACGACACCTTTG-1,6,
GGAGCACCAAGAACTA-1,8,
GGAGCGAGGCCTACTT-1,5,
GGAGGATTGAAAGGAG-1,1,
GGAGGGCTTGGTTGGC-1,4,
GGAGTGCCGCCCTGGA-1,11,
GGATACTCATGAATTG-1,8,
GGATCAAAGGACGAGG-1,1,
GGATCCGGAATATACT-1,4,
GGATCTTACTGCCCTT-1,9,
GGATCTTGACTCAACC-1,2,
GGATGAAGATCGCTGA-1,13,
GGATGACGCGAGTTTA-1,12,
GGATGCTGGCGTTCCT-1,2,
GGATGTCCTTACCGCA-1,14,
GGATTCAGTACGGTGG-1,11,
GGATTCCGCTATACCC-1,8,
GGATTGCTGTGACTCC-1,0,
GGATTTCACTTCTATA-1,14,
GGCAAAGGCGCCAATA-1,3,
GGCAAATTACTTTACT-1,12,
GGCAAGCCCATAGTGG-1,1,
GGCAAGGCGAAATAGC-1,4,
GGCAATAGTCAATGAG-1,11,
GGCACTCCACTGGGCA-1,12,
GGCAGCAAACCTATGC-1,0,
GGCATACAGGTAGCGG-1,12,
GGCATATCGGTTCTGC-1,8,
GGCATCAACGAGCACG-1,1,
GGCCACAAGCGATGGC-1,1,
GGCCCTCACCCACTTA-1,3,
GGCCGAGACTCTGGTG-1,9,
GGCCGGCGTCTGCTAT-1,1,
GGCCGTTTGGGTTTCA-1,9,
GGCGAAATCTAACTTG-1,14,
GGCGCAGGACATCTTC-1,2,
GGCGCATGAATTGATG-1,12,
GGCGCGGAGATCTTTC-1,0,
GGCGCGTTCGAGTTTA-1,6,
GGCGCTCCTCATCAAT-1,8,
GGCGGAGTAATATTAG-1,12,
GGCGGTAGGATCATTG-1,11,
GGCGTCCTATCCGCTG-1,12,
GGCTAAAGGGCGGGTC-1,1,
GGCTACTATACACTCC-1,10,
GGCTATTAAGTTGTAT-1,12,
GGCTCCTCCACCTGTT-1,9,
GGCTCGCGTTGAGGTA-1,8,
GGCTCGTGCCACCAGC-1,11,
GGCTCTGCTCCAACGC-1,11,
GGCTGAAATAGCAAAG-1,0,
GGCTGGCTAGCTTAAA-1,14,
GGCTTTCAATAAGGGT-1,10,
GGGAACGGGAGGTTAG-1,12,
GGGAACGGTTTCAGAT-1,9,
GGGAAGACGGTCTGTC-1,0,
GGGACAGAGTTACTCC-1,2,
GGGACCCGTATATCTT-1,6,
GGGACTGCATAGATAG-1,6,
GGGAGAACTCACAGTA-1,11,
GGGAGGATGCCCGAAA-1,12,
GGGAGTAATGGCTGGC-1,8,
GGGAGTTAATGAGGCG-1,6,
GGGATGGTCGTAACCG-1,6,
GGGATTTACCGCACCT-1,14,
GGGCAACCGCACGTGC-1,2,
GGGCAGAGCAATCGTT-1,10,
GGGCCCGTCTTAAACA-1,12,
GGGCCCTACGAAAGGG-1,2,
GGGCCGGCCGAAGTAC-1,4,
GGGCGATATGTGTGAA-1,11,
GGGCGGCAAATGAATT-1,3,
GGGCGGGTTCCCTACG-1,12,
GGGCGGTCCTATTGTC-1,6,
GGGCGTACATTTATAT-1,11,
GGGCGTCACCACGTAA-1,3,
GGGCGTCCACTGGCTC-1,8,
GGGCGTGGTTTCCCAG-1,0,
GGGCGTTTACATTCAT-1,9,
GGGCTATGATCGATGG-1,6,
GGGCTCATCGAACCCA-1,8,
GGGCTGCCTAGGGCGA-1,11,
GGGCTGGTTAGTCGCG-1,12,
GGGTACCCACGGTCCT-1,14,
GGGTACTTCATGAACT-1,12,
GGGTATGTATGCACTT-1,5,
GGGTATTCTAGCAAAC-1,9,
GGGTCACCGTGACGGT-1,12,
GGGTCAGGAGCTAGAT-1,10,
GGGTCCTTGGAAGAAG-1,9,
GGGTGACACCTTAACT-1,6,
GGGTGGTCCAGCCTGT-1,1,
GGGTGTTTCAGCTATG-1,14,
GGGTTAACATTTGAGT-1,6,
GGGTTCAGACGAACAA-1,6,
GGTAAATGTGCGTTAC-1,1,
GGTAACCGGGAGGATA-1,2,
GGTAACTATGTATCTG-1,14,
GGTACAAACATGCTAT-1,12,
GGTACATCTGGGACGA-1,2,
GGTACCATTAAGACGG-1,1,
GGTAGAAGACCGCCTG-1,0,
GGTAGACCGTTGGGCG-1,6,
GGTAGTGCTCGCACCA-1,6,
GGTATTGCCGAGTTTA-1,12,
GGTCACGTTAGATTCA-1,8,
GGTCAGTGGGTCCCAC-1,6,
GGTCGGATAAACGGCG-1,1,
GGTCGGCCAGGAGCTT-1,14,
GGTCGGTAATTAGACA-1,14,
GGTCGGTCGTCCACAG-1,6,
GGTCGTAAGCTCGCAC-1,2,
GGTCTCTGAATGGACT-1,3,
GGTCTGAGAATCTGGA-1,6,
GGTCTTGAGCGCTCTT-1,0,
GGTGAAACCGGGAATG-1,1,
GGTGAACGGGCTAGCC-1,8,
GGTGAAGTACAGGGAT-1,12,
GGTGAGATGCAGATAA-1,11,
GGTGATAAGGAGCAGT-1,4,
GGTGATTTCATCTTGT-1,8,
GGTGCGGATAAGTGGC-1,11,
GGTGCTGATCACAAAG-1,5,
GGTGCTGGTACACATT-1,12,
GGTGGACTGCTCTGGC-1,0,
GGTTACCACCCTCGGG-1,12,
GGTTAGCTATATGTCT-1,0,
GGTTAGGCTTGGAGAA-1,6,
GGTTAGTTACGGCGCC-1,5,
GGTTCTACTCGTCTGA-1,1,
GGTTTAATTACCATCG-1,9,
GGTTTACAATCTCAAT-1,7,
GGTTTAGCCTTTCTTG-1,1,
GGTTTCAATCGGTCAG-1,14,
GGTTTGAGTGCTGGAA-1,14,
GTAACTTGCGGCAGTC-1,8,
GTAAGCGGGCAGTCAG-1,11,
GTAAGGATTTGTCGGA-1,8,
GTAAGTAACAGTCTGG-1,4,
GTAAGTAGGGTATACC-1,11,
GTAATAAAGGGCTCCC-1,1,
GTAATCTGATTCTTCG-1,3,
GTACACTTACCTGAAG-1,3,
GTACAGAGGCAAGGGT-1,4,
GTACGACGGCGCTGCG-1,14,
GTACGAGATTGCGACA-1,11,
GTACGCTTCATTGCAC-1,10,
GTACGTTTGCCCGTCA-1,6,
GTACTAAGATTTGGAG-1,11,
GTACTCCCTTATCGCT-1,2,
GTACTCCTGGGTATGC-1,1,
GTACTGAGGTCGTAAC-1,14,
GTACTGCATGAAGCGT-1,14,
GTACTGGAGTTAGACC-1,4,
GTACTTGGGCACTTCT-1,11,
GTAGACAACCGATGAA-1,8,
GTAGACACGCCTGACT-1,0,
GTAGACGTCGTTACAT-1,14,
GTAGAGGGAGACAAGT-1,3,
GTAGCCAAACATGGGA-1,10,
GTAGCGCTGTTGTAGT-1,1,
GTAGCGGCTATACACT-1,6,
GTAGCTCCGGGAGGCT-1,9,
GTAGCTTCCTCTTGTT-1,14,
GTAGGTGATCCGTGTA-1,8,
GTAGTCGCGGGAATCA-1,0,
GTAGTCTACGATATTG-1,0,
GTAGTTCGAAGGCGAA-1,9,
GTATAGGACTCAGTAG-1,11,
GTATATGTTACGGCGG-1,8,
GTATCAAACGTTAGCT-1,0,
GTATCAGCTTGGGTTC-1,11,
GTATCTCAGTCTTGAC-1,2,
GTATCTTTCATAACCA-1,6,
GTATGAAATTTCACTC-1,2,
GTATGACGTGGGAAAC-1,8,
GTATGTGGGTCTAGTT-1,14,
GTATTAAGGCGTCTAA-1,6,
GTATTCTGAGAAACGA-1,12,
GTATTCTTACCGTGCT-1,8,
GTCAAAGAAGTGGTGT-1,2,
GTCAAAGTTTACATAG-1,6,
GTCAAGCGGACTCGGG-1,4,
GTCAATTGTACTGAAG-1,1,
GTCACAAAGTTTCCAA-1,8,
GTCACTCTCCAAATCT-1,11,
GTCAGAATAGTCTATG-1,12,
GTCAGTTGTGCTCGTT-1,1,
GTCATGCACCTCCGTT-1,11,
GTCATGGACATGACTA-1,11,
GTCATTAGAGCGAACG-1,6,
GTCCAATATTTAGCCT-1,10,
GTCCATTACTGCTACG-1,1,
GTCCCAACGTAAAGTA-1,6,
GTCCCGCGACGTTATG-1,0,
GTCCGGACCTGAAATT-1,0,
GTCCGGCTGAATTGCG-1,11,
GTCCTACAGGCGGCTC-1,6,
GTCCTACGAATAGTCT-1,0,
GTCCTTCTAGTGGGTT-1,1,
GTCGAATTTGGGCGCT-1,9,
GTCGCCGTTGTGTGTT-1,9,
GTCGCGTAACCCGTTG-1,4,
GTCGGATATCTCAGAC-1,12,
GTCGGATGTAGCGCGC-1,8,
GTCGGGAAGCAGAAAC-1,0,
GTCGTACCATCTCGGG-1,6,
GTCGTATTGGCGTACA-1,1,
GTCGTCAATTATAAGG-1,8,
GTCGTTATTCGCTTAT-1,4,
GTCTATCTGAGTTTCT-1,12,
GTCTATTGGTTCCGGT-1,14,
GTCTCAAGGCCCGGCT-1,0,
GTCTCGATCTGCTTTC-1,14,
GTCTGGGCGGTCGAGA-1,12,
GTCTTAGTACAGCCGG-1,8,
GTGAAACGGCGCCACC-1,8,
GTGAAACGTGCTCCAC-1,14,
GTGAACTCCCATTCGA-1,1,
GTGACAGCTTCCCACT-1,0,
GTGACCGCACACTACG-1,14,
GTGACGCAGGTTTCAT-1,0,
GTGACTTCAGTAGTGC-1,3,
GTGAGCGTGCTGCACT-1,2,
GTGAGGACACTTAAGG-1,4,
GTGAGGAGCGGTTGAG-1,1,
GTGAGTGGTACAACGC-1,6,
GTGATCAAGCGTGCAC-1,9,
GTGATCACTAACGCCT-1,13,
GTGATCATAGATCTGC-1,6,
GTGATCCTTGTCATGA-1,0,
GTGATTCGCCGCTCAA-1,12,
GTGCAACAAATGTGGC-1,14,
GTGCACCAGCTTCAAC-1,10,
GTGCACGAAAGTGACT-1,14,
GTGCCATCACACGGTG-1,12,
GTGCCCGTTCGGATTC-1,4,
GTGCCGCTTCAAAGGT-1,12,
GTGCCTCAGTGTACGG-1,1,
GTGCGAAATCGAACAC-1,12,
GTGCGACAGGGAGTGT-1,1,
GTGCGCAGCTTGCTCC-1,1,
GTGCGGGACCATCGGC-1,1,
GTGCGGGTCTCCAAAT-1,11,
GTGCGTGTATATGAGC-1,4,
GTGCTCAAGTACTGTC-1,12,
GTGGAACCTACATGCG-1,8,
GTGGACCAACCCGATT-1,2,
GTGGACGCATTTGTCC-1,10,
GTGGACGTGCTGAGAC-1,11,
GTGGAGCGTTTACCGA-1,2,
GTGGAGTCGGCGGTTG-1,3,
GTGGCAAACAGCGGCA-1,2,
GTGGCGGTCCCAGCGT-1,2,
GTGGGAAGACTGAATC-1,2,
GTGGGCTTAGACACAC-1,12,
GTGGTATAGTCTGCCG-1,9,
GTGGTGGCCAAGTGAA-1,4,
GTGGTTACTTCTTTCG-1,1,
GTGGTTTCCGCCTTTC-1,12,
GTGTACCTTGGCTACG-1,6,
GTGTATATCAGCGGGC-1,0,
GTGTATGACTTTAAAG-1,1,
GTGTCGTATAGCGTTC-1,0,
GTGTGAATAACTTAGG-1,14,
GTGTTACTATGCGTCC-1,4,
GTTAAAGTAGGACTGG-1,0,
GTTAACATCACTTAAA-1,0,
GTTAAGGGTGCGATGT-1,0,
GTTACAATTGGTGACG-1,12,
GTTACCTACAACTTGC-1,6,
GTTACGGCCCGACTGC-1,1,
GTTACTTTGGGCCTAG-1,12,
GTTAGAGTGTGCCGCT-1,1,
GTTATATTATCTCCCT-1,6,
GTTATCACCTTCTGAA-1,1,
GTTATTAACGTGGGAG-1,6,
GTTCACAGGAGTCTAG-1,12,
GTTCATCGTTTGGCTG-1,1,
GTTCCAGTCTGACCAT-1,11,
GTTCGACAATTGTATA-1,9,
GTTCGCCATAAGTGCC-1,12,
GTTCGTCTAAAGAACT-1,14,
GTTCTTCCCTCGATGT-1,6,
GTTGAACCGGTTCCAT-1,12,
GTTGAGTCCCGCCGGT-1,0,
GTTGCACGGAGTTTCG-1,11,
GTTGGATTCAGTGGCT-1,1,
GTTGGATTGAGAACAC-1,14,
GTTGGATTTGCGTTGG-1,12,
GTTGGTCATGCTATCC-1,10,
GTTGTCGTGTTAGTTG-1,11,
GTTTACGTTCCATCTG-1,6,
GTTTCATATCGTCGCT-1,2,
GTTTCCTGGAGGGTGA-1,11,
GTTTCTGCAGTCTCCC-1,4,
GTTTGACCAAATCCTA-1,11,
GTTTGGCCCAAGTTAT-1,4,
GTTTGGCCGCTCAGCG-1,14,
GTTTGGGCTTGTGAGC-1,10,
GTTTGGTAGGGTCAAC-1,10,
GTTTGGTGATCGGTGC-1,9,
TAAACCCAGGAGGGCA-1,3,
TAAAGAGCCCGAAACC-1,8,
TAAAGCGGTATTTCCA-1,10,
TAAAGCGTTAGGAGAA-1,8,
TAAAGCTGCAATAGGG-1,1,
TAAATGAATCCGTTTC-1,11,
TAACAAAGGGAGAAGC-1,11,
TAACAGCGTTTGTGCT-1,9,
TAACATACAATGTGGG-1,6,
TAACATACACGCGATC-1,3,
TAACCGCCCGCAGTGC-1,8,
TAACCTACCGTCCGAG-1,1,
TAACGCTTTGAGAGCG-1,5,
TAACTATCGAAGGTCC-1,11,
TAACTCATCCGCGCGG-1,12,
TAACTCCATGGAGGCT-1,6,
TAAGAGGGACAGGGAC-1,9,
TAAGATTTAGCGGGAG-1,1,
TAAGCAGGCGACACGC-1,2,
TAAGCGCGAATCAAAT-1,9,
TAAGGAACTTGTGGGA-1,11,
TAAGGCAACATAAGAT-1,11,
TAAGGCATAACATCAA-1,6,
TAAGGCCCGTCACCCT-1,0,
TAAGGCTGAATCCCTC-1,13,
TAAGGGCCTGTCCGAT-1,0,
TAAGGGCTGGGAGAGG-1,2,
TAAGTAACATCTTGAC-1,12,
TAAGTCGCCGAGTATC-1,3,
TAAGTTGCGACGTAGG-1,0,
TAATAAACAAGGAGAT-1,1,
TAATACACAGTAGTAT-1,11,
TAATAGAACAGAGTTA-1,3,
TAATAGGTCACCAGAA-1,9,
TAATAGTGACGACCAG-1,14,
TAATATTGAAATTCGC-1,11,
TAATCGATCCGTACGT-1,8,
TAATGAAAGACCCTTG-1,4,
TAATTAGATGGATATG-1,14,
TACAACGCACAACTCA-1,12,
TACAAGTCTCGTGCAT-1,2,
TACAGAAACGGTGGGC-1,0,
TACATAGGCATACACC-1,3,
TACATTTCTAACGTGC-1,12,
TACCAAATAGCCCAGA-1,10,
TACCAATAAAGTACCA-1,0,
TACCAGAAGTAGGTTC-1,3,
TACCAGCTAGGTTTAA-1,8,
TACCAGGAATCCCGTC-1,9,
TACCGCGGACTTGCAG-1,13,
TACCGGCTCACTGCCC-1,6,
TACCGGTCGTTTCCAT-1,12,
TACCGTAGGTTAACTA-1,10,
TACCGTGCCTCGGACC-1,10,
TACCTACTCCCAGTAT-1,10,
TACCTCACGCTTGTAC-1,6,
TACCTCAGTTGTCTGT-1,10,
TACCTCCACACCAATG-1,9,
TACCTGCTGCACTGTG-1,5,
TACCTTAAGATTTCCC-1,12,
TACGAACACGACTTCA-1,12,
TACGACGCTTGCTGCG-1,3,
TACGACTGCCTCTTAG-1,6,
TACGAGAACTTCACGT-1,12,
TACGATGTTGATCATC-1,12,
TACGCAGTTCTTTCCT-1,12,
TACGCCATATTCTAAT-1,3,
TACGCCGAGGGTACCC-1,9,
TACGCCTCCATTCCGA-1,10,
TACGCTATAGAAACCT-1,1,
TACGCTGATAGTTGTA-1,9,
TACGCTGCTGTGTTAA-1,9,
TACGGGATGCTAGCAG-1,8,
TACGTACTAGTGCTGA-1,9,
TACGTGCACTATGCTG-1,11,
TACGTTTACCGGCAAT-1,12,
TACTATGGTTCCTCAG-1,6,
TACTCCTCTAGTTGAC-1,9,
TACTCGGCACGCCGGG-1,2,
TACTCTCCGAACAAAT-1,14,
TACTCTTTCGTCTTCA-1,6,
TACTGAACAGATTTAG-1,3,
TACTGCAATCAATTAC-1,1,
TACTGGACAGCTCGGC-1,2,
TACTTGTTAGTAGTCC-1,14,
TACTTTACTGAGCCGG-1,8,
TACTTTCCGCACGCCA-1,2,
TAGAAAGGTGGCGCTA-1,6,
TAGAATTAAGGGCAAC-1,1,
TAGACGAAACGCCAAT-1,0,
TAGACGCCCGTACCGG-1,14,
TAGACTACCTAGCGTT-1,0,
TAGAGATCATGCAACT-1,2,
TAGAGCTACGAAGAAC-1,14,
TAGAGGTTCTACTTGT-1,0,
TAGAGTCTAAGCGAAC-1,6,
TAGATATGGACTGGAA-1,3,
TAGATCCGAAGTCGCA-1,1,
TAGATTCAAAGTGCGG-1,10,
TAGATTCCTGGTTATT-1,2,
TAGCAACCTGTCACAA-1,11,
TAGCCATTTCAAAGTC-1,14,
TAGCCGGCGGTCAGCG-1,14,
TAGCGTCCGGTGTGGT-1,0,
TAGCGTTGGGTCTTAC-1,6,
TAGCTAAGTCCGGGAG-1,11,
TAGCTAGAAGGCATGA-1,6,
TAGCTAGTGATGATGG-1,6,
TAGCTCGCCTGATAAC-1,6,
TAGGCATGTTACGCCA-1,8,
TAGGGAGCTTGGGATG-1,13,
TAGGGTGTTTCAAGAG-1,11,
TAGGTCCAAGTAAGGA-1,5,
TAGGTCGCCGGAACTG-1,1,
TAGGTGACGATAACCT-1,0,
TAGGTGAGCCCTACTC-1,2,
TAGGTGCTCGCCTAGC-1,14,
TAGGTGTTCCACAGAT-1,10,
TAGGTTCGAGTTCGTC-1,6,
TAGTACCTTAGTGGTC-1,6,
TAGTAGCTTATACCAG-1,9,
TAGTCCGCAGAGAATG-1,12,
TAGTCCTGCACTAAGC-1,9,
TAGTCGATCACGGGTT-1,13,
TAGTCTAACAACGAGA-1,12,
TAGTGAGAAGTGGTTG-1,1,
TAGTGCCCTCCAGAGT-1,12,
TAGTGTCAGAAACGGC-1,6,
TAGTTAAGATAGGATA-1,1,
TAGTTTATTCTTGCTT-1,14,
TATAAATCCACAAGCT-1,11,
TATAAGTGAGGATAGC-1,11,
TATACACAGACGCCTT-1,6,
TATACACGCAAAGTAT-1,11,
TATACGCGTCATCACT-1,0,
TATACTCATGCGGCAA-1,6,
TATAGAGTCGCTTGAA-1,5,
TATAGATGGTCGCAGT-1,1,
TATAGGGTACTCATGA-1,2,
TATAGTTAGGTGTACT-1,9,
TATATAGGGCTTTACG-1,9,
TATATATCGAGAAATG-1,9,
TATATCCCTGGGAGGA-1,13,
TATATTCGCGTCGATA-1,8,
TATCACAGCACGGGCA-1,1,
TATCACCCAACCGACC-1,1,
TATCCAATTGGTTATC-1,0,
TATCCATATCATGCGA-1,11,
TATCCATCTCGGTTAG-1,9,
TATCCGCACCGTCGGG-1,10,
TATCCTGCATGGGAAT-1,14,
TATCGATCTATGCATA-1,8,
TATCGATGATTAAACG-1,11,
TATCTACAGAGGTAAT-1,2,
TATCTACCACAGCGGG-1,3,
TATCTTGCAATACAAC-1,2,
TATGAAGACAGGTGCG-1,2,
TATGATCTTCTCTTTA-1,0,
TATGATTCTGCTTGGT-1,1,
TATGCTCCCTACTTAC-1,1,
TATGGAGTTTCTCGTT-1,8,
TATGGATGTGCTACGC-1,11,
TATGGCCCGGCCTCGC-1,2,
TATGGGACCGAGCAGG-1,12,
TATGGGTACGTATCGT-1,12,
TATGGTCTGAGTAACA-1,3,
TATGGTTAGTGGGAGA-1,1,
TATGTCAAGACCGACT-1,8,
TATGTCTCATTGTGCC-1,14,
TATTAACCTGACCGCG-1,6,
TATTACCATCCTGCTT-1,13,
TATTATGTTTGCCTGC-1,2,
TATTCAATTCTAATCC-1,6,
TATTCCACTCAGCTCG-1,6,
TATTCCGAGCTGTTAT-1,0,
TATTCCGGCAGTCCTA-1,1,
TATTCCTCCGCCCACT-1,12,
TATTCGTGCCAGAATA-1,6,
TATTTAGTCTAGATCG-1,11,
TATTTATACCGAGTAG-1,8,
TATTTGTTACCCTTTA-1,11,
TCAAACAACCGCGTCG-1,11,
TCAAACTTAGATTGTT-1,11,
TCAAAGTCACGGCGTC-1,9,
TCAAATTTGAGACTCA-1,0,
TCAACAAAGATAATTC-1,3,
TCAACACATTGGGTAA-1,14,
TCAACATAGCGCCCTA-1,6,
TCAACATCGACCGAGA-1,2,
TCAACCATGTTCGGGC-1,11,
TCAACGAGGAGACAAA-1,6,
TCAACGCAGGAAATAA-1,12,
TCAACGCGACCGGCAG-1,3,
TCAACTAACGTATAAC-1,2,
TCAAGGTTACTACACC-1,0,
TCAATACGCCGTCATG-1,10,
TCACAGCAAACTCGAA-1,3,
TCACAGGAGAATAAGA-1,6,
TCACAGGGAATCGCAA-1,0,
TCACAGGTTATTGGGC-1,12,
TCACATCTTATCTGAT-1,2,
TCACCCTCTTAAGATT-1,6,
TCACCGCTCGGCACTC-1,13,
TCACGATGTCCGTGGA-1,3,
TCACGCATTGTAGATC-1,12,
TCACGGCCCAAGAGAG-1,9,
TCACGGTCATCGCACA-1,11,
TCACGTGCCCGATTCA-1,3,
TCACTCGTGCAACGGC-1,1,
TCAGACGCTATAGAAG-1,4,
TCAGCAAATGCATCTC-1,11,
TCAGCAGTAGGCCCTG-1,9,
TCAGGGTGTAACGTAA-1,11,
TCAGGTTCTTTGAGAA-1,12,
TCAGTACTGACCCGCG-1,11,
TCAGTAGGGACTATAA-1,6,
TCAGTGTATACGTCAT-1,9,
TCATACTTACAGATCC-1,11,
TCATATGAGCTTTGTT-1,0,
TCATCACTCGAGCTCG-1,6,
TCATCCCAGAGGGTGG-1,8,
TCATCGATGGTCCCAA-1,9,
TCATGCAGGTTCTCAT-1,8,
TCATTTAAGTCTCCGA-1,13,
TCCAACTTTAAATTCT-1,12,
TCCAATAAAGGCTACC-1,10,
TCCACAATGGTTTACG-1,12,
TCCACCTCTAGCCTTT-1,10,
TCCACTTTATCTAGGT-1,4,
TCCAGAGCACCGGTTC-1,4,
TCCAGGCGAGTACGGT-1,12,
TCCAGGGTATATACGA-1,0,
TCCATCAATACTAATC-1,9,
TCCATTAGTTGGATAG-1,8,
TCCATTGTGACCTCGT-1,1,
TCCCAAAGACGAAGGA-1,11,
TCCCAGCTTTAGTCTG-1,12,
TCCCAGGCTTAGCTAA-1,12,
TCCCGCGTACTCCTGG-1,11,
TCCCGGGTGTGCTGCT-1,12,
TCCCGGTCAGGAATTT-1,8,
TCCCGTCAGTCCCGCA-1,14,
TCCCGTGTGCAATTTG-1,4,
TCCCTGGCGTATTAAC-1,2,
TCCCTGGCTCGCTGGA-1,2,
TCCCTTAGATTACTCG-1,8,
TCCGAACTTGGCTTAC-1,2,
TCCGACCGCTAATCAA-1,10,
TCCGAGAAGGCTAAGC-1,1,
TCCGATAATTGCCATA-1,6,
TCCGATGACTGAGCTC-1,14,
TCCGATGGTGCGACAT-1,11,
TCCGATTACATTGCCG-1,12,
TCCGCCTGTCTACAAG-1,0,
TCCGCGGCAGCATCTG-1,14,
TCCGCGGCCCAATGAA-1,0,
TCCGCTGTCATCCCGG-1,0,
TCCGCTTATCCCATTA-1,10,
TCCGGCCTAGCGTACA-1,8,
TCCGGTTCGTCCGGTC-1,6,
TCCGTTAAGCTAATAT-1,0,
TCCGTTTAGCCTTGAA-1,14,
TCCTAAATTGGGAAGC-1,0,
TCCTAACCGTCGGGCA-1,5,
TCCTACATCCACGGCC-1,0,
TCCTAGCAAAGAAGCT-1,12,
TCCTCCTAAGACATTC-1,2,
TCCTCGGGCTGGGCTT-1,4,
TCCTCTACGAGATGGC-1,11,
TCCTCTCCAGTTGTCC-1,2,
TCCTCTGGCCCATTAG-1,1,
TCCTGCCAACTGGAGA-1,1,
TCCTGCGTTGATACTC-1,2,
TCCTTACGACGGTCCG-1,8,
TCCTTCAGTGGTCGAA-1,8,
TCCTTTAAATCCGCTT-1,0,
TCCTTTCTTACGCTTA-1,11,
TCGAAATTTAGGACCA-1,12,
TCGAAGAACCGAGCAC-1,13,
TCGAATATCCCGCAGG-1,9,
TCGACAACTGAACCCG-1,2,
TCGACATAGCGTAGCG-1,9,
TCGAGACCAACACCGT-1,6,
TCGAGCCAGGCAGGCC-1,9,
TCGATAGGCTAGTCGC-1,8,
TCGCAAAGATGCATTT-1,4,
TCGCACCAGGAGGCAG-1,0,
TCGCATCCCTAAGTGT-1,6,
TCGCATTCAATGACTT-1,8,
TCGCCGAAGTTGCGTC-1,12,
TCGCCGGTCGATCCGT-1,11,
TCGCGTCCAGAAGGTC-1,9,
TCGCTAAACCGCTATC-1,8,
TCGCTACTGGCTTTGA-1,0,
TCGCTCGATATATTCC-1,11,
TCGCTGGGCGGATTGT-1,11,
TCGCTGTGCGTAAATC-1,11,
TCGCTTTAAACGTTTG-1,14,
TCGGAATGACCATCAA-1,5,
TCGGAATGCGCTCTGA-1,2,
TCGGACGCCCAGCCCA-1,4,
TCGGAGAGTATCGGGA-1,2,
TCGGAGTACATGAGTA-1,11,
TCGGCGAACCCAAACC-1,1,
TCGGGAGACAGCGTAC-1,0,
TCGGGCCGTCGTGGTA-1,14,
TCGGGTGAAACTGCTA-1,8,
TCGGTCCCGACAATAG-1,2,
TCGGTCCCTGACTCCA-1,1,
TCGTAAGACGACATTG-1,6,
TCGTATAGTGCAATTA-1,14,
TCGTATTACCCATTGC-1,2,
TCGTCAAGTACGCGCA-1,9,
TCGTCACACTGTTAGC-1,2,
TCGTCCGCTGGCGTCT-1,11,
TCGTCTTAGGCGTTAA-1,0,
TCGTTAGGAGTCCCTA-1,6,
TCGTTCGTTATTATGT-1,8,
TCGTTGCTATCCGGTC-1,3,
TCGTTGGCTCGTCAAT-1,8,
TCTAATACTGCCTCAG-1,9,
TCTACCGTCCACAAGC-1,11,
TCTAGCAATCTCCGCC-1,12,
TCTAGCATCTTCGATG-1,11,
TCTAGCATGCCCAGAA-1,10,
TCTAGGTGGCGACGCT-1,1,
TCTAGTGATATCGTGG-1,13,
TCTAGTTATCAGAAGA-1,12,
TCTATCATGCAGTTAC-1,11,
TCTATCGGTCGCAACA-1,11,
TCTATTACGCTGGCGA-1,6,
TCTCATGAGATAGGGT-1,14,
TCTCCAACGTAGGTTA-1,14,
TCTCCCTGGGCAGCGT-1,0,
TCTCGAACGAGGTCAC-1,1,
TCTCGGCTCCAGGACT-1,8,
TCTCTAATAGCTGGTA-1,11,
TCTCTTACCGCGAACC-1,10,
TCTGAACCGGTCGGCT-1,11,
TCTGAACTCGTACCCG-1,13,
TCTGAAGCACGTGGTC-1,0,
TCTGAATTCCGTACAA-1,13,
TCTGATGTATTCTGTC-1,0,
TCTGCCAGAAACTGCA-1,4,
TCTGCGTCCGGTTTCT-1,6,
TCTGGGAACCTTTGAA-1,13,
TCTGGGTAGCGCTCAT-1,12,
TCTGTCATACAAGAGC-1,8,
TCTGTGACTGACCGTT-1,8,
TCTGTGCCATCATAGT-1,4,
TCTGTGGCTACATTTC-1,1,
TCTGTTACCCAGCATA-1,3,
TCTTACAGAGGTACCG-1,11,
TCTTACCGGAACTCGT-1,8,
TCTTACGGCATCCGAC-1,5,
TCTTACTTATGCCTCT-1,13,
TCTTAGAGTGAACTCT-1,13,
TCTTCCCATGGGCACA-1,13,
TCTTCGAATAGACGTT-1,4,
TCTTCGATACCAATAA-1,11,
TCTTCTATAACCCGCC-1,5,
TCTTGATGCGTAGCGA-1,11,
TCTTGCTCCCGATACT-1,0,
TCTTGGTAACACCAAA-1,11,
TCTTTAAGACTATGAA-1,13,
TCTTTCTCTTAAGGAG-1,1,
TGAAACTTATGCAAGC-1,8,
TGAAAGGACCTGACTC-1,4,
TGAACAAGCAGGGACT-1,9,
TGAATGAGTGTTTCCC-1,5,
TGACATCGAGCGGACC-1,1,
TGACCAAATCTTAAAC-1,0,
TGACCCACGTTAGACA-1,12,
TGACGAATATTTCCCT-1,2,
TGACGATGCACTAGAA-1,13,
TGACTATAATCCTTTC-1,6,
TGACTCCGAATCATAC-1,9,
TGAGAATGCTTTACCG-1,11,
TGAGAGATTTACCACG-1,14,
TGAGATCAAATACTCA-1,1,
TGAGATTAGGCCCTAA-1,1,
TGAGCAGTCGTGAAGT-1,1,
TGAGCCATACAGTCTC-1,12,
TGAGCGGAAAGTGTTC-1,10,
TGAGCTTTAATGACGC-1,8,
TGAGGAGTGCCAGCTT-1,10,
TGAGTAAATTAGCGTA-1,6,
TGAGTGCCTCTTAAAT-1,12,
TGAGTGGTCCGTGACG-1,14,
TGATACATTTAGCCGT-1,3,
TGATCAGGGAACTGCT-1,2,
TGATCGGTTTGACCCT-1,11,
TGATCTCCGGCGCCAG-1,6,
TGATTCCCGGTTACCT-1,10,
TGATTCGTCTATCACT-1,12,
TGATTCTGTCGCCGGT-1,3,
TGATTTATTAGCTGTG-1,12,
TGATTTCCTCCTGACG-1,11,
TGCAACCCATCTGCGG-1,0,
TGCAAGAATGACGTAA-1,11,
TGCACGAGTCGGCAGC-1,1,
TGCAGAACTATATCGT-1,2,
TGCAGAGTACCGAGCA-1,12,
TGCAGATCGTCCTAGG-1,2,
TGCAGCTACGTACTTC-1,2,
TGCAGGATCGGCAAAG-1,6,
TGCAGTGGTAGGGAAC-1,9,
TGCAGTTTCCTCCCAT-1,14,
TGCATATGTCTGTCAC-1,14,
TGCATGGATCGGATCT-1,6,
TGCATGTGGTAATCTA-1,14,
TGCCAAAGTCAGACTT-1,2,
TGCCAATGGGTACTCT-1,6,
TGCCACCTGGCGAAAC-1,14,
TGCCAGTACGTGGAGA-1,0,
TGCCATTACTAAAGAA-1,8,
TGCCCGTACCGTTAAA-1,4,
TGCCGGATGTACGAGC-1,9,
TGCCGTGGATCGTCCT-1,10,
TGCCTGACATCGGTCA-1,8,
TGCCTGATCAAACGAT-1,6,
TGCCTTGGCCAGGCAA-1,0,
TGCGACACCCTAGTGC-1,12,
TGCGACGGCCGAACGT-1,9,
TGCGAGAATATTACCC-1,3,
TGCGCAAAGCATTTGG-1,11,
TGCGCGATTAACGGAG-1,11,
TGCGGAGTAAAGGTGC-1,7,
TGCGGCATAGTTCAAC-1,8,
TGCGGTGAAATTTCAT-1,8,
TGCGTAAGAACCTGAT-1,12,
TGCGTCATGACTGAGC-1,2,
TGCGTGATTGGGTGTC-1,11,
TGCGTTTGTTGACACT-1,4,
TGCTAAGTGTCTATTT-1,0,
TGCTATACAAACGGAC-1,1,
TGCTATGGCAAAGGGA-1,9,
TGCTCCACAGTTCTTA-1,13,
TGCTCGGCGAAACCCA-1,10,
TGCTCGGTGGGTCACC-1,1,
TGCTCTTGAGAGTTTG-1,0,
TGCTGGTTGGACAATT-1,11,
TGCTGTTGAAGAACTC-1,6,
TGCTTAGAGAGAATGC-1,9,
TGCTTCCCAAGCAGTA-1,0,
TGCTTGAAACCATGCA-1,8,
TGGAAGAAGGGAACGT-1,12,
TGGAAGACGAACACCA-1,6,
TGGAAGGATAAAGATG-1,6,
TGGAATTAGACGCTTT-1,2,
TGGACCAATCTAAGAT-1,0,
TGGACCACGGCGTTGA-1,8,
TGGACGCAATCCAGCC-1,9,
TGGACTGTTCGCTCAA-1,4,
TGGAGCTAAAGTTCCC-1,1,
TGGAGTGATGCGATGA-1,12,
TGGCAAACTAAATTAC-1,0,
TGGCAACTCGCGCGCC-1,8,
TGGCAAGCACAAGTCG-1,10,
TGGCAGATTACGATCA-1,3,
TGGCAGCAGTAATAGT-1,3,
TGGCCAAACTGAAGTA-1,7,
TGGCCGTATATTGACC-1,11,
TGGCGACTGCTCCAAA-1,6,
TGGCGATCAAGTTATG-1,6,
TGGCGGTGTGCGATTG-1,8,
TGGCTATGTGACATAC-1,0,
TGGCTTTGGGTAGACA-1,11,
TGGGAAATGCCTTTCC-1,11,
TGGGCACAAACAGAAC-1,8,
TGGGCACGTTCTATGG-1,8,
TGGGCCACAAGAGCGC-1,14,
TGGGCCCATACTAATT-1,14,
TGGGCGATACAATAAG-1,5,
TGGGTAAGGTTCCCGC-1,8,
TGGGTTTCGGGCGTAC-1,9,
TGGTAGAATATATGGG-1,0,
TGGTATCGCATCCCAA-1,1,
TGGTATCGGTCTGTAT-1,1,
TGGTCCCACGCTACGG-1,0,
TGGTCTGTTGGGCGTA-1,2,
TGGTTCAACGGGTAAT-1,0,
TGGTTCGTAGCAAAGG-1,11,
TGGTTGGAGGATCCTG-1,1,
TGTACCTACACGAGGG-1,0,
TGTACGAACAAATCCG-1,3,
TGTACTGTGCCAAAGT-1,1,
TGTAGGAGAAATTTCC-1,14,
TGTAGTGATCTATAAT-1,12,
TGTATAACAGATCCTG-1,6,
TGTATCCTTATTCCAT-1,8,
TGTATGGCGCAGACAG-1,13,
TGTCCCGACATAGCAC-1,8,
TGTCCGTGGCGCCTTT-1,2,
TGTCCTAAGTCACCGC-1,2,
TGTCGGCATGGTGGAA-1,8,
TGTCGTTATCACATAT-1,9,
TGTCTACAGTTTCTGT-1,8,
TGTGACTACGCCAGTC-1,14,
TGTGAGACTAGCCCAA-1,0,
TGTGCCGGTGCCGGAA-1,0,
TGTGCTTTACGTAAGA-1,2,
TGTGGCAAAGCGTATG-1,14,
TGTGGCGGGCTTCTGG-1,10,
TGTGGTTGCTAAAGCT-1,5,
TGTGTCGCGAGTTGCA-1,11,
TGTGTTCGTATCCAAG-1,2,
TGTTATTGTATGTGGC-1,0,
TGTTCCGCTTCCATGA-1,12,
TGTTCGTATTGCGGTG-1,6,
TGTTCTTCCATTGACT-1,12,
TGTTGTCAAGAAGTCT-1,14,
TGTTTAATACTTCATC-1,1,
TGTTTCGGTACTTCTC-1,11,
TTAAACAGAGTCCCGC-1,14,
TTAAACCGGTAGCGAC-1,8,
TTAAACTCGAATTCAT-1,8,
TTAACACCTCGAACAT-1,11,
TTAACCAACCCTCCCT-1,11,
TTAACGTCGCAAGACC-1,8,
TTAACTTCAGGTAGGA-1,2,
TTAAGATAGGATTGAC-1,1,
TTAAGCCGACAACTTC-1,8,
TTAAGCGCCTGACCCA-1,12,
TTAAGGATACGGAGGT-1,8,
TTAAGGCCCGTACTTT-1,9,
TTAATCAGTACGTCAG-1,14,
TTAATGTAGACCAGGT-1,11,
TTAATTGCTTTGGGTG-1,0,
TTAATTTCAGACGCGG-1,14,
TTACAACTACGCATCC-1,11,
TTACAGACCTAAATGA-1,8,
TTACATCGTGGCCTGG-1,11,
TTACATGCCACAACTA-1,0,
TTACCATTGATTACCC-1,2,
TTACCCATTGCCGGGT-1,8,
TTACCCTAACAGTCCT-1,11,
TTACCCTAGGGATTGG-1,10,
TTACCGCCTTAGGGAA-1,8,
TTACGGATGGTTCGAG-1,13,
TTACGGTGTCACCGAG-1,1,
TTACTAAAGGACTTTA-1,0,
TTACTATCGGCTTCTC-1,2,
TTACTCCGGCCGGGAA-1,4,
TTACTCTGGTACGTAC-1,2,
TTACTGGGATATTTCA-1,3,
TTAGAAGAACATGACT-1,10,
TTAGAATAAGGGTCGG-1,3,
TTAGACACGATCGTTG-1,8,
TTAGACGAGTCACCTC-1,0,
TTAGAGTTTAGAAGGA-1,0,
TTAGATAGGTCGATAC-1,8,
TTAGCAACATGGATGT-1,11,
TTAGCTAATACGATCT-1,1,
TTAGCTGATTTGCCGT-1,13,
TTAGGTCATAACCGAC-1,9,
TTAGTAGGGCGGCGGG-1,2,
TTAGTTATTCGTGGCA-1,14,
TTATAGATGCACATTA-1,1,
TTATAGGTAATTGTCT-1,0,
TTATATACGCTGTCAC-1,4,
TTATATTTGGCAATCC-1,11,
TTATCCAATCGAACTC-1,14,
TTATCCGGGATCTATA-1,14,
TTATCCTCAAGGAATA-1,2,
TTATCGCCTGCGAAGC-1,2,
TTATCTGTATCATAAC-1,11,
TTATGAATGAAAGGGA-1,6,
TTATGACAAACTGGAT-1,11,
TTATGATCTTAACGAA-1,4,
TTATGCGTCCCGGTCC-1,8,
TTATGTTTGCGATAGA-1,11,
TTATTAGAGCGTGTTC-1,4,
TTATTAGGGAAGCATC-1,14,
TTCAAAGTCTCTAGCC-1,4,
TTCAACGACCCGACCG-1,11,
TTCAAGCCGAGCTGAG-1,8,
TTCAATACTCTGAATC-1,14,
TTCAATTAGCCATAAT-1,1,
TTCACGAAAGGATCAC-1,12,
TTCACGGTCGTCACGT-1,9,
TTCACTCGAGCACCTA-1,0,
TTCAGAGTAACCTGAC-1,8,
TTCAGCCCTGGTCCAC-1,0,
TTCAGCTGGCGTGCCC-1,0,
TTCAGGCGTCAAAGCC-1,2,
TTCATGGCGCAACAGG-1,14,
TTCCAATCAGAGCTAG-1,1,
TTCCAATCTGGCTATC-1,3,
TTCCACACAGATTTGA-1,3,
TTCCGCAGAGAAATAT-1,1,
TTCCGCGTGAGGCGAT-1,6,
TTCCGGCCTTGAGGCT-1,3,
TTCCGGTTACCCACTT-1,0,
TTCCTCGAGGGTGTCT-1,11,
TTCCTCGGACTAACCA-1,0,
TTCCTTTCTGTGTTGC-1,14,
TTCGACAGAGCCCGTG-1,10,
TTCGACGGGAAGGGCG-1,11,
TTCGCACTCGCGTGCT-1,11,
TTCGCACTGTACGACA-1,10,
TTCGCATCCGGAAGCA-1,8,
TTCGCGCGCCATACGA-1,6,
TTCGCTATCTGACGTG-1,5,
TTCGGCAACCCGCTGA-1,8,
TTCGGCTAGAGATGGT-1,6,
TTCGGGACTAATCGCG-1,6,
TTCGGGCGCTAGTCTT-1,9,
TTCGGTACTGTAGAGG-1,1,
TTCGTAATCCCAGCGG-1,1,
TTCGTACTCCAGAACG-1,2,
TTCTAACCGAAGCTTA-1,14,
TTCTACCTCAATCGGT-1,9,
TTCTACTTGCGAGGGC-1,11,
TTCTAGAAAGTCTTAT-1,5,
TTCTAGGCCAATTGTG-1,11,
TTCTATTAAACGCAGC-1,5,
TTCTCAATTGCTACAA-1,9,
TTCTGACCGGGCTCAA-1,0,
TTCTGCCGCGCCTAGA-1,10,
TTCTGCGAGCGCCCTT-1,2,
TTCTGCGGGTTAGCGG-1,4,
TTCTTAGTGAACGGTG-1,11,
TTCTTAGTGGCTCAGA-1,6,
TTCTTATCCGCTGGGT-1,0,
TTCTTGAGCCGCGCTA-1,12,
TTCTTGGACGATCTGC-1,3,
TTCTTGGAGTAATGAG-1,14,
TTCTTGTAACCTAATG-1,11,
TTGAACGAATCCTTTG-1,6,
TTGAACGACGTGCTGA-1,0,
TTGAAGAATTCCCAGG-1,12,
TTGAATATGGACTTTC-1,4,
TTGAATTCACGTGAGG-1,13,
TTGACAGGAGCTCCCG-1,0,
TTGACATGAACGTGGA-1,12,
TTGACCAGGAACAACT-1,0,
TTGACCATGTTCTCCG-1,14,
TTGACCGTGTTAATGA-1,6,
TTGACGATTCAGCACG-1,8,
TTGACGCTCCATGAGC-1,0,
TTGACTACCATATGGT-1,12,
TTGACTATTGTCCGGC-1,0,
TTGAGAAGTTTAGCAT-1,0,
TTGAGAGTACTGCTAA-1,12,
TTGATCTAACTTTGTC-1,12,
TTGATGCCGCTCGTCG-1,10,
TTGATGTGTAGTCCCG-1,8,
TTGATTAGCTGTTTCT-1,12,
TTGATTATGCAGATGA-1,11,
TTGCACAATTCAGAAA-1,3,
TTGCACGGAGCAGCAC-1,11,
TTGCATGCTGATCACG-1,12,
TTGCCATAGCCCGCTC-1,2,
TTGCCCTGATCACGGG-1,12,
TTGCCGCAGACCTACA-1,9,
TTGCCGCTTTCTAGTA-1,0,
TTGCCTAATCCAAAGT-1,9,
TTGCGGCATCAGAAAG-1,3,
TTGCGTAGTTTGAGGA-1,11,
TTGCGTCGGCCAACCG-1,3,
TTGCTCCCATACCGGA-1,6,
TTGCTGAAGGAACCAC-1,11,
TTGCTGATCATGTTCG-1,12,
TTGCTGCACCTATCCA-1,6,
TTGCTGGCCGGGCTTC-1,1,
TTGGAAGAATACAGTC-1,12,
TTGGACATGTGGCTTA-1,2,
TTGGACCATCTGGCAA-1,0,
TTGGACCTATAACAGT-1,0,
TTGGAGTCTCCCTTCT-1,8,
TTGGATATCGTCTACG-1,3,
TTGGATCGACTTCTGG-1,8,
TTGGATTGGGTACCAC-1,11,
TTGGCCATCTTGCGCT-1,6,
TTGGCCTAGAATTTCG-1,8,
TTGGCTCGCATGAGAC-1,11,
TTGGGAAGACGAGCCG-1,1,
TTGGGACACTGCCCGC-1,11,
TTGGGCGGCGGTTGCC-1,7,
TTGGTCACACTCGTAA-1,3,
TTGGTTGCGGTGCGCG-1,2,
TTGTAAGGACCTAAGT-1,12,
TTGTAAGGCCAGTTGG-1,14,
TTGTAATCCGTACTCG-1,12,
TTGTATCACACAGAAT-1,8,
TTGTCGTTCAGTTACC-1,11,
TTGTGAACCTAATCCG-1,0,
TTGTGCAGCCACGTCA-1,0,
TTGTGGCCCTGACAGT-1,11,
TTGTGGTAGGAGGGAT-1,12,
TTGTGTATGCCACCAA-1,10,
TTGTGTTTCCCGAAAG-1,6,
TTGTTCAGTGTGCTAC-1,11,
TTGTTGTGTGTCAAGA-1,7,
TTGTTTCACATCCAGG-1,9,
TTGTTTCATTAGTCTA-1,9,
TTGTTTCCATACAACT-1,2,
TTGTTTGTGTAAATTC-1,1,
